PRAGMA foreign_keys=OFF;
BEGIN TRANSACTION;
CREATE TABLE IF NOT EXISTS "django_migrations" ("id" integer NOT NULL PRIMARY KEY AUTOINCREMENT, "app" varchar(255) NOT NULL, "name" varchar(255) NOT NULL, "applied" datetime NOT NULL);
INSERT INTO django_migrations VALUES(1,'contenttypes','0001_initial','2018-03-18 09:56:41.364097');
INSERT INTO django_migrations VALUES(2,'auth','0001_initial','2018-03-18 09:56:41.388788');
INSERT INTO django_migrations VALUES(3,'admin','0001_initial','2018-03-18 09:56:41.403021');
INSERT INTO django_migrations VALUES(4,'admin','0002_logentry_remove_auto_add','2018-03-18 09:56:41.416769');
INSERT INTO django_migrations VALUES(5,'contenttypes','0002_remove_content_type_name','2018-03-18 09:56:41.444615');
INSERT INTO django_migrations VALUES(6,'auth','0002_alter_permission_name_max_length','2018-03-18 09:56:41.455037');
INSERT INTO django_migrations VALUES(7,'auth','0003_alter_user_email_max_length','2018-03-18 09:56:41.468564');
INSERT INTO django_migrations VALUES(8,'auth','0004_alter_user_username_opts','2018-03-18 09:56:41.482745');
INSERT INTO django_migrations VALUES(9,'auth','0005_alter_user_last_login_null','2018-03-18 09:56:41.495384');
INSERT INTO django_migrations VALUES(10,'auth','0006_require_contenttypes_0002','2018-03-18 09:56:41.497578');
INSERT INTO django_migrations VALUES(11,'auth','0007_alter_validators_add_error_messages','2018-03-18 09:56:41.514377');
INSERT INTO django_migrations VALUES(12,'auth','0008_alter_user_username_max_length','2018-03-18 09:56:41.561453');
INSERT INTO django_migrations VALUES(13,'sessions','0001_initial','2018-03-18 10:05:07.479220');
INSERT INTO django_migrations VALUES(14,'taggit','0001_initial','2018-03-18 10:05:07.494874');
INSERT INTO django_migrations VALUES(15,'taggit','0002_auto_20150616_2121','2018-03-18 10:05:07.503478');
INSERT INTO django_migrations VALUES(16,'wagtailcore','0001_initial','2018-03-18 10:05:07.757726');
INSERT INTO django_migrations VALUES(17,'wagtailcore','0002_initial_data','2018-03-18 10:05:07.759255');
INSERT INTO django_migrations VALUES(18,'wagtailcore','0003_add_uniqueness_constraint_on_group_page_permission','2018-03-18 10:05:07.760619');
INSERT INTO django_migrations VALUES(19,'wagtailcore','0004_page_locked','2018-03-18 10:05:07.762012');
INSERT INTO django_migrations VALUES(20,'wagtailcore','0005_add_page_lock_permission_to_moderators','2018-03-18 10:05:07.763373');
INSERT INTO django_migrations VALUES(21,'wagtailcore','0006_add_lock_page_permission','2018-03-18 10:05:07.764916');
INSERT INTO django_migrations VALUES(22,'wagtailcore','0007_page_latest_revision_created_at','2018-03-18 10:05:07.766166');
INSERT INTO django_migrations VALUES(23,'wagtailcore','0008_populate_latest_revision_created_at','2018-03-18 10:05:07.767580');
INSERT INTO django_migrations VALUES(24,'wagtailcore','0009_remove_auto_now_add_from_pagerevision_created_at','2018-03-18 10:05:07.768976');
INSERT INTO django_migrations VALUES(25,'wagtailcore','0010_change_page_owner_to_null_on_delete','2018-03-18 10:05:07.770334');
INSERT INTO django_migrations VALUES(26,'wagtailcore','0011_page_first_published_at','2018-03-18 10:05:07.772082');
INSERT INTO django_migrations VALUES(27,'wagtailcore','0012_extend_page_slug_field','2018-03-18 10:05:07.774166');
INSERT INTO django_migrations VALUES(28,'wagtailcore','0013_update_golive_expire_help_text','2018-03-18 10:05:07.775759');
INSERT INTO django_migrations VALUES(29,'wagtailcore','0014_add_verbose_name','2018-03-18 10:05:07.777049');
INSERT INTO django_migrations VALUES(30,'wagtailcore','0015_add_more_verbose_names','2018-03-18 10:05:07.778315');
INSERT INTO django_migrations VALUES(31,'wagtailcore','0016_change_page_url_path_to_text_field','2018-03-18 10:05:07.779826');
INSERT INTO django_migrations VALUES(32,'wagtailcore','0017_change_edit_page_permission_description','2018-03-18 10:05:07.798299');
INSERT INTO django_migrations VALUES(33,'wagtailcore','0018_pagerevision_submitted_for_moderation_index','2018-03-18 10:05:07.838835');
INSERT INTO django_migrations VALUES(34,'wagtailcore','0019_verbose_names_cleanup','2018-03-18 10:05:07.892237');
INSERT INTO django_migrations VALUES(35,'wagtailcore','0020_add_index_on_page_first_published_at','2018-03-18 10:05:07.913465');
INSERT INTO django_migrations VALUES(36,'wagtailcore','0021_capitalizeverbose','2018-03-18 10:05:08.590508');
INSERT INTO django_migrations VALUES(37,'wagtailcore','0022_add_site_name','2018-03-18 10:05:08.606300');
INSERT INTO django_migrations VALUES(38,'wagtailcore','0023_alter_page_revision_on_delete_behaviour','2018-03-18 10:05:08.626519');
INSERT INTO django_migrations VALUES(39,'wagtailcore','0024_collection','2018-03-18 10:05:08.631628');
INSERT INTO django_migrations VALUES(40,'wagtailcore','0025_collection_initial_data','2018-03-18 10:05:08.648677');
INSERT INTO django_migrations VALUES(41,'wagtailcore','0026_group_collection_permission','2018-03-18 10:05:08.674844');
INSERT INTO django_migrations VALUES(42,'wagtailadmin','0001_create_admin_access_permissions','2018-03-18 10:05:08.752409');
INSERT INTO django_migrations VALUES(43,'wagtailcore','0027_fix_collection_path_collation','2018-03-18 10:05:08.768621');
INSERT INTO django_migrations VALUES(44,'wagtailcore','0024_alter_page_content_type_on_delete_behaviour','2018-03-18 10:05:08.789307');
INSERT INTO django_migrations VALUES(45,'wagtailcore','0028_merge','2018-03-18 10:05:08.791621');
INSERT INTO django_migrations VALUES(46,'wagtailcore','0029_unicode_slugfield_dj19','2018-03-18 10:05:08.811688');
INSERT INTO django_migrations VALUES(47,'wagtailcore','0030_index_on_pagerevision_created_at','2018-03-18 10:05:08.830436');
INSERT INTO django_migrations VALUES(48,'wagtailcore','0031_add_page_view_restriction_types','2018-03-18 10:05:08.876814');
INSERT INTO django_migrations VALUES(49,'wagtailcore','0032_add_bulk_delete_page_permission','2018-03-18 10:05:08.895177');
INSERT INTO django_migrations VALUES(50,'wagtailcore','0033_remove_golive_expiry_help_text','2018-03-18 10:05:08.931611');
INSERT INTO django_migrations VALUES(51,'wagtailcore','0034_page_live_revision','2018-03-18 10:05:08.954273');
INSERT INTO django_migrations VALUES(52,'wagtailcore','0035_page_last_published_at','2018-03-18 10:05:08.975157');
INSERT INTO django_migrations VALUES(53,'wagtailcore','0036_populate_page_last_published_at','2018-03-18 10:05:08.994011');
INSERT INTO django_migrations VALUES(54,'wagtailcore','0037_set_page_owner_editable','2018-03-18 10:05:09.017860');
INSERT INTO django_migrations VALUES(55,'wagtailcore','0038_make_first_published_at_editable','2018-03-18 10:05:09.039033');
INSERT INTO django_migrations VALUES(56,'wagtailcore','0039_collectionviewrestriction','2018-03-18 10:05:09.080332');
INSERT INTO django_migrations VALUES(57,'wagtailcore','0040_page_draft_title','2018-03-18 10:05:09.119273');
INSERT INTO django_migrations VALUES(58,'wagtaildocs','0001_initial','2018-03-18 10:05:09.139802');
INSERT INTO django_migrations VALUES(59,'wagtaildocs','0002_initial_data','2018-03-18 10:05:09.172275');
INSERT INTO django_migrations VALUES(60,'wagtaildocs','0003_add_verbose_names','2018-03-18 10:05:09.219031');
INSERT INTO django_migrations VALUES(61,'wagtaildocs','0004_capitalizeverbose','2018-03-18 10:05:09.303621');
INSERT INTO django_migrations VALUES(62,'wagtaildocs','0005_document_collection','2018-03-18 10:05:09.331369');
INSERT INTO django_migrations VALUES(63,'wagtaildocs','0006_copy_document_permissions_to_collections','2018-03-18 10:05:09.360057');
INSERT INTO django_migrations VALUES(64,'wagtaildocs','0005_alter_uploaded_by_user_on_delete_action','2018-03-18 10:05:09.385440');
INSERT INTO django_migrations VALUES(65,'wagtaildocs','0007_merge','2018-03-18 10:05:09.387516');
INSERT INTO django_migrations VALUES(66,'wagtailembeds','0001_initial','2018-03-18 10:05:09.399919');
INSERT INTO django_migrations VALUES(67,'wagtailembeds','0002_add_verbose_names','2018-03-18 10:05:09.405398');
INSERT INTO django_migrations VALUES(68,'wagtailembeds','0003_capitalizeverbose','2018-03-18 10:05:09.411400');
INSERT INTO django_migrations VALUES(69,'wagtailforms','0001_initial','2018-03-18 10:05:09.433941');
INSERT INTO django_migrations VALUES(70,'wagtailforms','0002_add_verbose_names','2018-03-18 10:05:09.461881');
INSERT INTO django_migrations VALUES(71,'wagtailforms','0003_capitalizeverbose','2018-03-18 10:05:09.546310');
INSERT INTO django_migrations VALUES(72,'wagtailimages','0001_initial','2018-03-18 10:05:09.606799');
INSERT INTO django_migrations VALUES(73,'wagtailimages','0002_initial_data','2018-03-18 10:05:09.644615');
INSERT INTO django_migrations VALUES(74,'wagtailimages','0003_fix_focal_point_fields','2018-03-18 10:05:09.698183');
INSERT INTO django_migrations VALUES(75,'wagtailimages','0004_make_focal_point_key_not_nullable','2018-03-18 10:05:09.738696');
INSERT INTO django_migrations VALUES(76,'wagtailimages','0005_make_filter_spec_unique','2018-03-18 10:05:09.747475');
INSERT INTO django_migrations VALUES(77,'wagtailimages','0006_add_verbose_names','2018-03-18 10:05:09.814125');
INSERT INTO django_migrations VALUES(78,'wagtailimages','0007_image_file_size','2018-03-18 10:05:09.833750');
INSERT INTO django_migrations VALUES(79,'wagtailimages','0008_image_created_at_index','2018-03-18 10:05:09.855364');
INSERT INTO django_migrations VALUES(80,'wagtailimages','0009_capitalizeverbose','2018-03-18 10:05:09.980795');
INSERT INTO django_migrations VALUES(81,'wagtailimages','0010_change_on_delete_behaviour','2018-03-18 10:05:10.002888');
INSERT INTO django_migrations VALUES(82,'wagtailimages','0011_image_collection','2018-03-18 10:05:10.035375');
INSERT INTO django_migrations VALUES(83,'wagtailimages','0012_copy_image_permissions_to_collections','2018-03-18 10:05:10.068892');
INSERT INTO django_migrations VALUES(84,'wagtailimages','0013_make_rendition_upload_callable','2018-03-18 10:05:10.084706');
INSERT INTO django_migrations VALUES(85,'wagtailimages','0014_add_filter_spec_field','2018-03-18 10:05:10.129302');
INSERT INTO django_migrations VALUES(86,'wagtailimages','0015_fill_filter_spec_field','2018-03-18 10:05:10.154630');
INSERT INTO django_migrations VALUES(87,'wagtailimages','0016_deprecate_rendition_filter_relation','2018-03-18 10:05:10.196600');
INSERT INTO django_migrations VALUES(88,'wagtailimages','0017_reduce_focal_point_key_max_length','2018-03-18 10:05:10.214082');
INSERT INTO django_migrations VALUES(89,'wagtailimages','0018_remove_rendition_filter','2018-03-18 10:05:10.246909');
INSERT INTO django_migrations VALUES(90,'wagtailimages','0019_delete_filter','2018-03-18 10:05:10.314611');
INSERT INTO django_migrations VALUES(91,'wagtailredirects','0001_initial','2018-03-18 10:05:10.340887');
INSERT INTO django_migrations VALUES(92,'wagtailredirects','0002_add_verbose_names','2018-03-18 10:05:10.384010');
INSERT INTO django_migrations VALUES(93,'wagtailredirects','0003_make_site_field_editable','2018-03-18 10:05:10.412548');
INSERT INTO django_migrations VALUES(94,'wagtailredirects','0004_set_unique_on_path_and_site','2018-03-18 10:05:10.447053');
INSERT INTO django_migrations VALUES(95,'wagtailredirects','0005_capitalizeverbose','2018-03-18 10:05:10.574945');
INSERT INTO django_migrations VALUES(96,'wagtailsearch','0001_initial','2018-03-18 10:05:10.640484');
INSERT INTO django_migrations VALUES(97,'wagtailsearch','0002_add_verbose_names','2018-03-18 10:05:10.708828');
INSERT INTO django_migrations VALUES(98,'wagtailsearch','0003_remove_editors_pick','2018-03-18 10:05:10.737106');
INSERT INTO django_migrations VALUES(99,'wagtailusers','0001_initial','2018-03-18 10:05:10.765577');
INSERT INTO django_migrations VALUES(100,'wagtailusers','0002_add_verbose_name_on_userprofile','2018-03-18 10:05:10.814956');
INSERT INTO django_migrations VALUES(101,'wagtailusers','0003_add_verbose_names','2018-03-18 10:05:10.829322');
INSERT INTO django_migrations VALUES(102,'wagtailusers','0004_capitalizeverbose','2018-03-18 10:05:10.889344');
INSERT INTO django_migrations VALUES(103,'wagtailusers','0005_make_related_name_wagtail_specific','2018-03-18 10:05:10.913075');
INSERT INTO django_migrations VALUES(104,'wagtailusers','0006_userprofile_prefered_language','2018-03-18 10:05:10.931623');
INSERT INTO django_migrations VALUES(105,'wagtailcore','0001_squashed_0016_change_page_url_path_to_text_field','2018-03-18 10:05:10.934955');
INSERT INTO django_migrations VALUES(106,'blog','0001_initial','2018-03-18 10:05:55.645701');
INSERT INTO django_migrations VALUES(107,'home','0001_initial','2018-03-18 14:02:32.937012');
INSERT INTO django_migrations VALUES(108,'home','0002_create_homepage','2018-03-18 14:02:32.961058');
INSERT INTO django_migrations VALUES(109,'wagtailmenus','0001_initial','2018-03-31 13:02:14.935858');
INSERT INTO django_migrations VALUES(110,'wagtailmenus','0002_auto_20160129_0901','2018-03-31 13:02:14.974040');
INSERT INTO django_migrations VALUES(111,'wagtailmenus','0003_auto_20160129_2339','2018-03-31 13:02:15.152131');
INSERT INTO django_migrations VALUES(112,'wagtailmenus','0004_auto_20160130_0024','2018-03-31 13:02:15.191503');
INSERT INTO django_migrations VALUES(113,'wagtailmenus','0005_auto_20160130_2209','2018-03-31 13:02:15.265352');
INSERT INTO django_migrations VALUES(114,'wagtailmenus','0006_auto_20160131_1347','2018-03-31 13:02:15.322861');
INSERT INTO django_migrations VALUES(115,'wagtailmenus','0007_auto_20160131_2000','2018-03-31 13:02:15.428411');
INSERT INTO django_migrations VALUES(116,'wagtailmenus','0008_auto_20160131_2327','2018-03-31 13:02:15.775865');
INSERT INTO django_migrations VALUES(117,'wagtailmenus','0009_auto_20160201_0859','2018-03-31 13:02:15.801712');
INSERT INTO django_migrations VALUES(118,'wagtailmenus','0010_auto_20160201_1558','2018-03-31 13:02:15.825403');
INSERT INTO django_migrations VALUES(119,'wagtailmenus','0011_auto_20160415_1519','2018-03-31 13:02:15.874602');
INSERT INTO django_migrations VALUES(120,'wagtailmenus','0012_auto_20160419_0039','2018-03-31 13:02:16.196581');
INSERT INTO django_migrations VALUES(121,'wagtailmenus','0013_auto_20160423_1124','2018-03-31 13:02:16.242217');
INSERT INTO django_migrations VALUES(122,'wagtailmenus','0014_auto_20160423_1339','2018-03-31 13:02:16.291025');
INSERT INTO django_migrations VALUES(123,'wagtailmenus','0015_auto_20160423_1348','2018-03-31 13:02:16.340339');
INSERT INTO django_migrations VALUES(124,'wagtailmenus','0016_auto_20160930_0645','2018-03-31 13:02:16.387234');
INSERT INTO django_migrations VALUES(125,'wagtailmenus','0017_auto_20161013_1658','2018-03-31 13:02:16.612259');
INSERT INTO django_migrations VALUES(126,'wagtailmenus','0018_auto_20161204_2043','2018-03-31 13:02:16.656080');
INSERT INTO django_migrations VALUES(127,'wagtailmenus','0019_auto_20161204_2143','2018-03-31 13:02:16.682837');
INSERT INTO django_migrations VALUES(128,'wagtailmenus','0020_auto_20161210_0004','2018-03-31 13:02:16.826126');
INSERT INTO django_migrations VALUES(129,'wagtailmenus','0021_auto_20170106_2352','2018-03-31 13:02:16.864481');
INSERT INTO django_migrations VALUES(130,'wagtailmenus','0022_auto_20170913_2125','2018-03-31 13:02:16.901591');
INSERT INTO django_migrations VALUES(131,'blog','0002_auto_20180614_0223','2018-06-14 02:23:28.960924');
INSERT INTO django_migrations VALUES(132,'auth','0009_alter_user_last_name_max_length','2018-10-23 02:54:46.949897');
INSERT INTO django_migrations VALUES(133,'home','0003_copywritingsettings','2019-09-01 12:42:05.063250');
INSERT INTO django_migrations VALUES(134,'home','0004_auto_20190901_1303','2019-09-01 13:03:35.686787');
INSERT INTO django_migrations VALUES(135,'home','0005_copywritingsettings_testimonial','2019-09-01 13:34:28.584824');
INSERT INTO django_migrations VALUES(136,'home','0006_auto_20190901_1341','2019-09-01 13:41:40.761909');
INSERT INTO django_migrations VALUES(137,'home','0007_auto_20190901_1342','2019-09-01 13:42:35.845898');
INSERT INTO django_migrations VALUES(138,'admin','0003_logentry_add_action_flag_choices','2020-07-04 23:32:27.002462');
INSERT INTO django_migrations VALUES(139,'auth','0010_alter_group_name_max_length','2020-07-04 23:32:27.238545');
INSERT INTO django_migrations VALUES(140,'auth','0011_update_proxy_permissions','2020-07-04 23:32:27.489473');
INSERT INTO django_migrations VALUES(141,'marcas','0001_initial','2020-07-04 23:32:28.650850');
INSERT INTO django_migrations VALUES(142,'marcas','0002_auto_20180614_0223','2020-07-04 23:32:29.215693');
INSERT INTO django_migrations VALUES(143,'taggit','0003_taggeditem_add_unique_index','2020-07-04 23:32:29.391946');
INSERT INTO django_migrations VALUES(144,'wagtailcore','0041_group_collection_permissions_verbose_name_plural','2020-07-04 23:32:29.503562');
INSERT INTO django_migrations VALUES(145,'wagtailcore','0042_index_on_pagerevision_approved_go_live_at','2020-07-04 23:32:29.748139');
INSERT INTO django_migrations VALUES(146,'wagtailcore','0043_lock_fields','2020-07-04 23:32:30.253700');
INSERT INTO django_migrations VALUES(147,'wagtailcore','0044_add_unlock_grouppagepermission','2020-07-04 23:32:30.544382');
INSERT INTO django_migrations VALUES(148,'wagtailcore','0045_assign_unlock_grouppagepermission','2020-07-04 23:32:30.883739');
INSERT INTO django_migrations VALUES(149,'wagtaildocs','0008_document_file_size','2020-07-04 23:32:31.185875');
INSERT INTO django_migrations VALUES(150,'wagtaildocs','0009_document_verbose_name_plural','2020-07-04 23:32:31.351019');
INSERT INTO django_migrations VALUES(151,'wagtaildocs','0010_document_file_hash','2020-07-04 23:32:31.604296');
INSERT INTO django_migrations VALUES(152,'wagtailembeds','0004_embed_verbose_name_plural','2020-07-04 23:32:31.671000');
INSERT INTO django_migrations VALUES(153,'wagtailembeds','0005_specify_thumbnail_url_max_length','2020-07-04 23:32:31.793320');
INSERT INTO django_migrations VALUES(154,'wagtailforms','0004_add_verbose_name_plural','2020-07-04 23:32:31.935560');
INSERT INTO django_migrations VALUES(155,'wagtailimages','0020_add-verbose-name','2020-07-04 23:32:32.082288');
INSERT INTO django_migrations VALUES(156,'wagtailimages','0021_image_file_hash','2020-07-04 23:32:32.352396');
INSERT INTO django_migrations VALUES(157,'wagtailimages','0022_uploadedimage','2020-07-04 23:32:32.529436');
INSERT INTO django_migrations VALUES(158,'wagtailmenus','0023_remove_use_specific','2020-07-04 23:32:32.846634');
INSERT INTO django_migrations VALUES(159,'wagtailredirects','0006_redirect_increase_max_length','2020-07-04 23:32:33.053509');
INSERT INTO django_migrations VALUES(160,'wagtailsearch','0004_querydailyhits_verbose_name_plural','2020-07-04 23:32:33.103427');
INSERT INTO django_migrations VALUES(161,'wagtailusers','0007_userprofile_current_time_zone','2020-07-04 23:32:33.284074');
INSERT INTO django_migrations VALUES(162,'wagtailusers','0008_userprofile_avatar','2020-07-04 23:32:33.465779');
INSERT INTO django_migrations VALUES(163,'wagtailusers','0009_userprofile_verbose_name_plural','2020-07-04 23:32:33.560942');
INSERT INTO django_migrations VALUES(164,'wagtailimages','0001_squashed_0021','2020-07-04 23:32:33.656250');
CREATE TABLE IF NOT EXISTS "auth_group_permissions" ("id" integer NOT NULL PRIMARY KEY AUTOINCREMENT, "group_id" integer NOT NULL REFERENCES "auth_group" ("id"), "permission_id" integer NOT NULL REFERENCES "auth_permission" ("id"));
INSERT INTO auth_group_permissions VALUES(1,2,1);
INSERT INTO auth_group_permissions VALUES(2,1,1);
INSERT INTO auth_group_permissions VALUES(3,2,2);
INSERT INTO auth_group_permissions VALUES(4,2,3);
INSERT INTO auth_group_permissions VALUES(5,2,4);
INSERT INTO auth_group_permissions VALUES(6,1,2);
INSERT INTO auth_group_permissions VALUES(7,1,3);
INSERT INTO auth_group_permissions VALUES(8,1,4);
INSERT INTO auth_group_permissions VALUES(9,2,5);
INSERT INTO auth_group_permissions VALUES(10,2,6);
INSERT INTO auth_group_permissions VALUES(11,2,7);
INSERT INTO auth_group_permissions VALUES(12,1,5);
INSERT INTO auth_group_permissions VALUES(13,1,6);
INSERT INTO auth_group_permissions VALUES(14,1,7);
CREATE TABLE IF NOT EXISTS "auth_user_groups" ("id" integer NOT NULL PRIMARY KEY AUTOINCREMENT, "user_id" integer NOT NULL REFERENCES "auth_user" ("id"), "group_id" integer NOT NULL REFERENCES "auth_group" ("id"));
CREATE TABLE IF NOT EXISTS "auth_user_user_permissions" ("id" integer NOT NULL PRIMARY KEY AUTOINCREMENT, "user_id" integer NOT NULL REFERENCES "auth_user" ("id"), "permission_id" integer NOT NULL REFERENCES "auth_permission" ("id"));
CREATE TABLE IF NOT EXISTS "django_content_type" ("id" integer NOT NULL PRIMARY KEY AUTOINCREMENT, "app_label" varchar(100) NOT NULL, "model" varchar(100) NOT NULL);
INSERT INTO django_content_type VALUES(1,'wagtailcore','page');
INSERT INTO django_content_type VALUES(2,'wagtailadmin','admin');
INSERT INTO django_content_type VALUES(3,'wagtaildocs','document');
INSERT INTO django_content_type VALUES(4,'wagtailimages','image');
INSERT INTO django_content_type VALUES(5,'wagtailforms','formsubmission');
INSERT INTO django_content_type VALUES(6,'wagtailredirects','redirect');
INSERT INTO django_content_type VALUES(7,'wagtailembeds','embed');
INSERT INTO django_content_type VALUES(8,'wagtailusers','userprofile');
INSERT INTO django_content_type VALUES(9,'wagtailimages','rendition');
INSERT INTO django_content_type VALUES(10,'wagtailsearch','querydailyhits');
INSERT INTO django_content_type VALUES(11,'wagtailsearch','query');
INSERT INTO django_content_type VALUES(12,'wagtailcore','pageviewrestriction');
INSERT INTO django_content_type VALUES(13,'wagtailcore','collectionviewrestriction');
INSERT INTO django_content_type VALUES(14,'wagtailcore','groupcollectionpermission');
INSERT INTO django_content_type VALUES(15,'wagtailcore','pagerevision');
INSERT INTO django_content_type VALUES(16,'wagtailcore','site');
INSERT INTO django_content_type VALUES(17,'wagtailcore','collection');
INSERT INTO django_content_type VALUES(18,'wagtailcore','grouppagepermission');
INSERT INTO django_content_type VALUES(19,'taggit','taggeditem');
INSERT INTO django_content_type VALUES(20,'taggit','tag');
INSERT INTO django_content_type VALUES(21,'admin','logentry');
INSERT INTO django_content_type VALUES(22,'auth','user');
INSERT INTO django_content_type VALUES(23,'auth','group');
INSERT INTO django_content_type VALUES(24,'auth','permission');
INSERT INTO django_content_type VALUES(25,'contenttypes','contenttype');
INSERT INTO django_content_type VALUES(26,'sessions','session');
INSERT INTO django_content_type VALUES(27,'blog','postpage');
INSERT INTO django_content_type VALUES(28,'blog','blogpagetag');
INSERT INTO django_content_type VALUES(29,'blog','landingpage');
INSERT INTO django_content_type VALUES(30,'blog','blogcategory');
INSERT INTO django_content_type VALUES(31,'blog','blogpage');
INSERT INTO django_content_type VALUES(32,'blog','tag');
INSERT INTO django_content_type VALUES(33,'home','homepage');
INSERT INTO django_content_type VALUES(34,'wagtailmenus','mainmenu');
INSERT INTO django_content_type VALUES(35,'wagtailmenus','flatmenu');
INSERT INTO django_content_type VALUES(36,'wagtailmenus','mainmenuitem');
INSERT INTO django_content_type VALUES(37,'wagtailmenus','flatmenuitem');
INSERT INTO django_content_type VALUES(38,'blog','formfield');
INSERT INTO django_content_type VALUES(39,'blog','formpage');
INSERT INTO django_content_type VALUES(40,'home','copywritingsettings');
INSERT INTO django_content_type VALUES(41,'wagtailimages','uploadedimage');
INSERT INTO django_content_type VALUES(42,'marcas','marcascategory');
INSERT INTO django_content_type VALUES(43,'marcas','marcaspage');
INSERT INTO django_content_type VALUES(44,'marcas','marcaspagetag');
INSERT INTO django_content_type VALUES(45,'marcas','landingpage');
INSERT INTO django_content_type VALUES(46,'marcas','postpage');
INSERT INTO django_content_type VALUES(47,'marcas','tag');
INSERT INTO django_content_type VALUES(48,'marcas','formfield');
INSERT INTO django_content_type VALUES(49,'marcas','formpage');
CREATE TABLE IF NOT EXISTS "auth_permission" ("id" integer NOT NULL PRIMARY KEY AUTOINCREMENT, "content_type_id" integer NOT NULL REFERENCES "django_content_type" ("id"), "codename" varchar(100) NOT NULL, "name" varchar(255) NOT NULL);
INSERT INTO auth_permission VALUES(1,2,'access_admin','Can access Wagtail admin');
INSERT INTO auth_permission VALUES(2,3,'add_document','Can add document');
INSERT INTO auth_permission VALUES(3,3,'change_document','Can change document');
INSERT INTO auth_permission VALUES(4,3,'delete_document','Can delete document');
INSERT INTO auth_permission VALUES(5,4,'add_image','Can add image');
INSERT INTO auth_permission VALUES(6,4,'change_image','Can change image');
INSERT INTO auth_permission VALUES(7,4,'delete_image','Can delete image');
INSERT INTO auth_permission VALUES(8,5,'add_formsubmission','Can add form submission');
INSERT INTO auth_permission VALUES(9,5,'change_formsubmission','Can change form submission');
INSERT INTO auth_permission VALUES(10,5,'delete_formsubmission','Can delete form submission');
INSERT INTO auth_permission VALUES(11,6,'add_redirect','Can add redirect');
INSERT INTO auth_permission VALUES(12,6,'change_redirect','Can change redirect');
INSERT INTO auth_permission VALUES(13,6,'delete_redirect','Can delete redirect');
INSERT INTO auth_permission VALUES(14,7,'add_embed','Can add embed');
INSERT INTO auth_permission VALUES(15,7,'change_embed','Can change embed');
INSERT INTO auth_permission VALUES(16,7,'delete_embed','Can delete embed');
INSERT INTO auth_permission VALUES(17,8,'add_userprofile','Can add user profile');
INSERT INTO auth_permission VALUES(18,8,'change_userprofile','Can change user profile');
INSERT INTO auth_permission VALUES(19,8,'delete_userprofile','Can delete user profile');
INSERT INTO auth_permission VALUES(20,9,'add_rendition','Can add rendition');
INSERT INTO auth_permission VALUES(21,9,'change_rendition','Can change rendition');
INSERT INTO auth_permission VALUES(22,9,'delete_rendition','Can delete rendition');
INSERT INTO auth_permission VALUES(23,10,'add_querydailyhits','Can add Query Daily Hits');
INSERT INTO auth_permission VALUES(24,10,'change_querydailyhits','Can change Query Daily Hits');
INSERT INTO auth_permission VALUES(25,10,'delete_querydailyhits','Can delete Query Daily Hits');
INSERT INTO auth_permission VALUES(26,11,'add_query','Can add query');
INSERT INTO auth_permission VALUES(27,11,'change_query','Can change query');
INSERT INTO auth_permission VALUES(28,11,'delete_query','Can delete query');
INSERT INTO auth_permission VALUES(29,12,'add_pageviewrestriction','Can add page view restriction');
INSERT INTO auth_permission VALUES(30,12,'change_pageviewrestriction','Can change page view restriction');
INSERT INTO auth_permission VALUES(31,12,'delete_pageviewrestriction','Can delete page view restriction');
INSERT INTO auth_permission VALUES(32,13,'add_collectionviewrestriction','Can add collection view restriction');
INSERT INTO auth_permission VALUES(33,13,'change_collectionviewrestriction','Can change collection view restriction');
INSERT INTO auth_permission VALUES(34,13,'delete_collectionviewrestriction','Can delete collection view restriction');
INSERT INTO auth_permission VALUES(35,14,'add_groupcollectionpermission','Can add group collection permission');
INSERT INTO auth_permission VALUES(36,14,'change_groupcollectionpermission','Can change group collection permission');
INSERT INTO auth_permission VALUES(37,14,'delete_groupcollectionpermission','Can delete group collection permission');
INSERT INTO auth_permission VALUES(38,15,'add_pagerevision','Can add page revision');
INSERT INTO auth_permission VALUES(39,15,'change_pagerevision','Can change page revision');
INSERT INTO auth_permission VALUES(40,15,'delete_pagerevision','Can delete page revision');
INSERT INTO auth_permission VALUES(41,16,'add_site','Can add site');
INSERT INTO auth_permission VALUES(42,16,'change_site','Can change site');
INSERT INTO auth_permission VALUES(43,16,'delete_site','Can delete site');
INSERT INTO auth_permission VALUES(44,1,'add_page','Can add page');
INSERT INTO auth_permission VALUES(45,1,'change_page','Can change page');
INSERT INTO auth_permission VALUES(46,1,'delete_page','Can delete page');
INSERT INTO auth_permission VALUES(47,17,'add_collection','Can add collection');
INSERT INTO auth_permission VALUES(48,17,'change_collection','Can change collection');
INSERT INTO auth_permission VALUES(49,17,'delete_collection','Can delete collection');
INSERT INTO auth_permission VALUES(50,18,'add_grouppagepermission','Can add group page permission');
INSERT INTO auth_permission VALUES(51,18,'change_grouppagepermission','Can change group page permission');
INSERT INTO auth_permission VALUES(52,18,'delete_grouppagepermission','Can delete group page permission');
INSERT INTO auth_permission VALUES(53,19,'add_taggeditem','Can add Tagged Item');
INSERT INTO auth_permission VALUES(54,19,'change_taggeditem','Can change Tagged Item');
INSERT INTO auth_permission VALUES(55,19,'delete_taggeditem','Can delete Tagged Item');
INSERT INTO auth_permission VALUES(56,20,'add_tag','Can add Tag');
INSERT INTO auth_permission VALUES(57,20,'change_tag','Can change Tag');
INSERT INTO auth_permission VALUES(58,20,'delete_tag','Can delete Tag');
INSERT INTO auth_permission VALUES(59,21,'add_logentry','Can add log entry');
INSERT INTO auth_permission VALUES(60,21,'change_logentry','Can change log entry');
INSERT INTO auth_permission VALUES(61,21,'delete_logentry','Can delete log entry');
INSERT INTO auth_permission VALUES(62,22,'add_user','Can add user');
INSERT INTO auth_permission VALUES(63,22,'change_user','Can change user');
INSERT INTO auth_permission VALUES(64,22,'delete_user','Can delete user');
INSERT INTO auth_permission VALUES(65,23,'add_group','Can add group');
INSERT INTO auth_permission VALUES(66,23,'change_group','Can change group');
INSERT INTO auth_permission VALUES(67,23,'delete_group','Can delete group');
INSERT INTO auth_permission VALUES(68,24,'add_permission','Can add permission');
INSERT INTO auth_permission VALUES(69,24,'change_permission','Can change permission');
INSERT INTO auth_permission VALUES(70,24,'delete_permission','Can delete permission');
INSERT INTO auth_permission VALUES(71,25,'add_contenttype','Can add content type');
INSERT INTO auth_permission VALUES(72,25,'change_contenttype','Can change content type');
INSERT INTO auth_permission VALUES(73,25,'delete_contenttype','Can delete content type');
INSERT INTO auth_permission VALUES(74,26,'add_session','Can add session');
INSERT INTO auth_permission VALUES(75,26,'change_session','Can change session');
INSERT INTO auth_permission VALUES(76,26,'delete_session','Can delete session');
INSERT INTO auth_permission VALUES(77,27,'add_postpage','Can add post page');
INSERT INTO auth_permission VALUES(78,27,'change_postpage','Can change post page');
INSERT INTO auth_permission VALUES(79,27,'delete_postpage','Can delete post page');
INSERT INTO auth_permission VALUES(80,28,'add_blogpagetag','Can add blog page tag');
INSERT INTO auth_permission VALUES(81,28,'change_blogpagetag','Can change blog page tag');
INSERT INTO auth_permission VALUES(82,28,'delete_blogpagetag','Can delete blog page tag');
INSERT INTO auth_permission VALUES(83,29,'add_landingpage','Can add landing page');
INSERT INTO auth_permission VALUES(84,29,'change_landingpage','Can change landing page');
INSERT INTO auth_permission VALUES(85,29,'delete_landingpage','Can delete landing page');
INSERT INTO auth_permission VALUES(86,30,'add_blogcategory','Can add Category');
INSERT INTO auth_permission VALUES(87,30,'change_blogcategory','Can change Category');
INSERT INTO auth_permission VALUES(88,30,'delete_blogcategory','Can delete Category');
INSERT INTO auth_permission VALUES(89,31,'add_blogpage','Can add blog page');
INSERT INTO auth_permission VALUES(90,31,'change_blogpage','Can change blog page');
INSERT INTO auth_permission VALUES(91,31,'delete_blogpage','Can delete blog page');
INSERT INTO auth_permission VALUES(92,33,'add_homepage','Can add home page');
INSERT INTO auth_permission VALUES(93,33,'change_homepage','Can change home page');
INSERT INTO auth_permission VALUES(94,33,'delete_homepage','Can delete home page');
INSERT INTO auth_permission VALUES(95,34,'add_mainmenu','Can add main menu');
INSERT INTO auth_permission VALUES(96,34,'change_mainmenu','Can change main menu');
INSERT INTO auth_permission VALUES(97,34,'delete_mainmenu','Can delete main menu');
INSERT INTO auth_permission VALUES(98,35,'add_flatmenu','Can add flat menu');
INSERT INTO auth_permission VALUES(99,35,'change_flatmenu','Can change flat menu');
INSERT INTO auth_permission VALUES(100,35,'delete_flatmenu','Can delete flat menu');
INSERT INTO auth_permission VALUES(101,36,'add_mainmenuitem','Can add menu item');
INSERT INTO auth_permission VALUES(102,36,'change_mainmenuitem','Can change menu item');
INSERT INTO auth_permission VALUES(103,36,'delete_mainmenuitem','Can delete menu item');
INSERT INTO auth_permission VALUES(104,37,'add_flatmenuitem','Can add menu item');
INSERT INTO auth_permission VALUES(105,37,'change_flatmenuitem','Can change menu item');
INSERT INTO auth_permission VALUES(106,37,'delete_flatmenuitem','Can delete menu item');
INSERT INTO auth_permission VALUES(107,38,'add_formfield','Can add form field');
INSERT INTO auth_permission VALUES(108,38,'change_formfield','Can change form field');
INSERT INTO auth_permission VALUES(109,38,'delete_formfield','Can delete form field');
INSERT INTO auth_permission VALUES(110,39,'add_formpage','Can add form page');
INSERT INTO auth_permission VALUES(111,39,'change_formpage','Can change form page');
INSERT INTO auth_permission VALUES(112,39,'delete_formpage','Can delete form page');
INSERT INTO auth_permission VALUES(113,40,'add_copywritingsettings','Can add copy writing settings');
INSERT INTO auth_permission VALUES(114,40,'change_copywritingsettings','Can change copy writing settings');
INSERT INTO auth_permission VALUES(115,40,'delete_copywritingsettings','Can delete copy writing settings');
INSERT INTO auth_permission VALUES(116,21,'view_logentry','Can view log entry');
INSERT INTO auth_permission VALUES(117,24,'view_permission','Can view permission');
INSERT INTO auth_permission VALUES(118,23,'view_group','Can view group');
INSERT INTO auth_permission VALUES(119,22,'view_user','Can view user');
INSERT INTO auth_permission VALUES(120,25,'view_contenttype','Can view content type');
INSERT INTO auth_permission VALUES(121,26,'view_session','Can view session');
INSERT INTO auth_permission VALUES(122,5,'view_formsubmission','Can view form submission');
INSERT INTO auth_permission VALUES(123,6,'view_redirect','Can view redirect');
INSERT INTO auth_permission VALUES(124,7,'view_embed','Can view embed');
INSERT INTO auth_permission VALUES(125,8,'view_userprofile','Can view user profile');
INSERT INTO auth_permission VALUES(126,3,'view_document','Can view document');
INSERT INTO auth_permission VALUES(127,4,'view_image','Can view image');
INSERT INTO auth_permission VALUES(128,9,'view_rendition','Can view rendition');
INSERT INTO auth_permission VALUES(129,41,'add_uploadedimage','Can add uploaded image');
INSERT INTO auth_permission VALUES(130,41,'change_uploadedimage','Can change uploaded image');
INSERT INTO auth_permission VALUES(131,41,'delete_uploadedimage','Can delete uploaded image');
INSERT INTO auth_permission VALUES(132,41,'view_uploadedimage','Can view uploaded image');
INSERT INTO auth_permission VALUES(133,11,'view_query','Can view query');
INSERT INTO auth_permission VALUES(134,10,'view_querydailyhits','Can view Query Daily Hits');
INSERT INTO auth_permission VALUES(135,1,'view_page','Can view page');
INSERT INTO auth_permission VALUES(136,18,'view_grouppagepermission','Can view group page permission');
INSERT INTO auth_permission VALUES(137,15,'view_pagerevision','Can view page revision');
INSERT INTO auth_permission VALUES(138,12,'view_pageviewrestriction','Can view page view restriction');
INSERT INTO auth_permission VALUES(139,16,'view_site','Can view site');
INSERT INTO auth_permission VALUES(140,17,'view_collection','Can view collection');
INSERT INTO auth_permission VALUES(141,14,'view_groupcollectionpermission','Can view group collection permission');
INSERT INTO auth_permission VALUES(142,13,'view_collectionviewrestriction','Can view collection view restriction');
INSERT INTO auth_permission VALUES(143,20,'view_tag','Can view tag');
INSERT INTO auth_permission VALUES(144,19,'view_taggeditem','Can view tagged item');
INSERT INTO auth_permission VALUES(145,35,'view_flatmenu','Can view flat menu');
INSERT INTO auth_permission VALUES(146,37,'view_flatmenuitem','Can view menu item');
INSERT INTO auth_permission VALUES(147,34,'view_mainmenu','Can view main menu');
INSERT INTO auth_permission VALUES(148,36,'view_mainmenuitem','Can view menu item');
INSERT INTO auth_permission VALUES(149,33,'view_homepage','Can view home page');
INSERT INTO auth_permission VALUES(150,40,'view_copywritingsettings','Can view copy writing settings');
INSERT INTO auth_permission VALUES(151,42,'add_marcascategory','Can add Category');
INSERT INTO auth_permission VALUES(152,42,'change_marcascategory','Can change Category');
INSERT INTO auth_permission VALUES(153,42,'delete_marcascategory','Can delete Category');
INSERT INTO auth_permission VALUES(154,42,'view_marcascategory','Can view Category');
INSERT INTO auth_permission VALUES(155,43,'add_marcaspage','Can add marcas page');
INSERT INTO auth_permission VALUES(156,43,'change_marcaspage','Can change marcas page');
INSERT INTO auth_permission VALUES(157,43,'delete_marcaspage','Can delete marcas page');
INSERT INTO auth_permission VALUES(158,43,'view_marcaspage','Can view marcas page');
INSERT INTO auth_permission VALUES(159,44,'add_marcaspagetag','Can add marcas page tag');
INSERT INTO auth_permission VALUES(160,44,'change_marcaspagetag','Can change marcas page tag');
INSERT INTO auth_permission VALUES(161,44,'delete_marcaspagetag','Can delete marcas page tag');
INSERT INTO auth_permission VALUES(162,44,'view_marcaspagetag','Can view marcas page tag');
INSERT INTO auth_permission VALUES(163,45,'add_landingpage','Can add landing page');
INSERT INTO auth_permission VALUES(164,45,'change_landingpage','Can change landing page');
INSERT INTO auth_permission VALUES(165,45,'delete_landingpage','Can delete landing page');
INSERT INTO auth_permission VALUES(166,45,'view_landingpage','Can view landing page');
INSERT INTO auth_permission VALUES(167,46,'add_postpage','Can add post page');
INSERT INTO auth_permission VALUES(168,46,'change_postpage','Can change post page');
INSERT INTO auth_permission VALUES(169,46,'delete_postpage','Can delete post page');
INSERT INTO auth_permission VALUES(170,46,'view_postpage','Can view post page');
INSERT INTO auth_permission VALUES(171,47,'add_tag','Can add tag');
INSERT INTO auth_permission VALUES(172,47,'change_tag','Can change tag');
INSERT INTO auth_permission VALUES(173,47,'delete_tag','Can delete tag');
INSERT INTO auth_permission VALUES(174,47,'view_tag','Can view tag');
INSERT INTO auth_permission VALUES(175,48,'add_formfield','Can add form field');
INSERT INTO auth_permission VALUES(176,48,'change_formfield','Can change form field');
INSERT INTO auth_permission VALUES(177,48,'delete_formfield','Can delete form field');
INSERT INTO auth_permission VALUES(178,48,'view_formfield','Can view form field');
INSERT INTO auth_permission VALUES(179,49,'add_formpage','Can add form page');
INSERT INTO auth_permission VALUES(180,49,'change_formpage','Can change form page');
INSERT INTO auth_permission VALUES(181,49,'delete_formpage','Can delete form page');
INSERT INTO auth_permission VALUES(182,49,'view_formpage','Can view form page');
CREATE TABLE IF NOT EXISTS "django_session" ("session_key" varchar(40) NOT NULL PRIMARY KEY, "session_data" text NOT NULL, "expire_date" datetime NOT NULL);
INSERT INTO django_session VALUES('usk8v2pia00ss3eg02ll2ap3iiz4bn89','MWY1Y2FhMWU1NWEzNzNmNDAyZGYwYmU5OTVkYzM3N2RmNjg3ZDk4NDp7Il9hdXRoX3VzZXJfaGFzaCI6ImQxNjVhYzE2ZWMwYzM2NWUzNGFlNjJhMTEyYzQxYzRjMTVlZWQ1YjciLCJfYXV0aF91c2VyX2lkIjoiMSIsIl9hdXRoX3VzZXJfYmFja2VuZCI6ImRqYW5nby5jb250cmliLmF1dGguYmFja2VuZHMuTW9kZWxCYWNrZW5kIn0=','2018-04-01 14:05:23.924699');
INSERT INTO django_session VALUES('8mklobcb1lopffmtxi66qyng4gfvgbbc','MWY1Y2FhMWU1NWEzNzNmNDAyZGYwYmU5OTVkYzM3N2RmNjg3ZDk4NDp7Il9hdXRoX3VzZXJfaGFzaCI6ImQxNjVhYzE2ZWMwYzM2NWUzNGFlNjJhMTEyYzQxYzRjMTVlZWQ1YjciLCJfYXV0aF91c2VyX2lkIjoiMSIsIl9hdXRoX3VzZXJfYmFja2VuZCI6ImRqYW5nby5jb250cmliLmF1dGguYmFja2VuZHMuTW9kZWxCYWNrZW5kIn0=','2018-04-03 04:08:13.376049');
INSERT INTO django_session VALUES('v52hz9d57u7bwyort86gtf4qj97900u7','MWY1Y2FhMWU1NWEzNzNmNDAyZGYwYmU5OTVkYzM3N2RmNjg3ZDk4NDp7Il9hdXRoX3VzZXJfaGFzaCI6ImQxNjVhYzE2ZWMwYzM2NWUzNGFlNjJhMTEyYzQxYzRjMTVlZWQ1YjciLCJfYXV0aF91c2VyX2lkIjoiMSIsIl9hdXRoX3VzZXJfYmFja2VuZCI6ImRqYW5nby5jb250cmliLmF1dGguYmFja2VuZHMuTW9kZWxCYWNrZW5kIn0=','2018-04-14 13:02:35.254505');
INSERT INTO django_session VALUES('zppiexm467rw524wzv3bcavu9mk5tn8b','Zjg4YjZhZjM3ZTI5MWUwMzk4MzQyNWM3MjU4ZTIzNjFhYjg2YjUzYTp7Il9hdXRoX3VzZXJfaGFzaCI6ImQxNjVhYzE2ZWMwYzM2NWUzNGFlNjJhMTEyYzQxYzRjMTVlZWQ1YjciLCJfYXV0aF91c2VyX2JhY2tlbmQiOiJkamFuZ28uY29udHJpYi5hdXRoLmJhY2tlbmRzLk1vZGVsQmFja2VuZCIsIl9hdXRoX3VzZXJfaWQiOiIxIn0=','2018-05-20 08:56:41.442833');
INSERT INTO django_session VALUES('jldr0tzhrxj2e68q5mc5ymdfmotj2kau','NmY2ZjhlMDdjNjk2ZTAxYjdjZjQ4NTRhNzVhYTNhMzZhZWM1NzNiYjp7Il9hdXRoX3VzZXJfYmFja2VuZCI6ImRqYW5nby5jb250cmliLmF1dGguYmFja2VuZHMuTW9kZWxCYWNrZW5kIiwiX2F1dGhfdXNlcl9pZCI6IjEiLCJfYXV0aF91c2VyX2hhc2giOiJkMTY1YWMxNmVjMGMzNjVlMzRhZTYyYTExMmM0MWM0YzE1ZWVkNWI3In0=','2018-06-28 02:23:49.946098');
INSERT INTO django_session VALUES('ecysn2qm6cj35xc2pawu6to8slhs45md','NmY2ZjhlMDdjNjk2ZTAxYjdjZjQ4NTRhNzVhYTNhMzZhZWM1NzNiYjp7Il9hdXRoX3VzZXJfYmFja2VuZCI6ImRqYW5nby5jb250cmliLmF1dGguYmFja2VuZHMuTW9kZWxCYWNrZW5kIiwiX2F1dGhfdXNlcl9pZCI6IjEiLCJfYXV0aF91c2VyX2hhc2giOiJkMTY1YWMxNmVjMGMzNjVlMzRhZTYyYTExMmM0MWM0YzE1ZWVkNWI3In0=','2018-06-28 09:14:12.315706');
INSERT INTO django_session VALUES('ndduktfpy0avktxyzq0zexglyj55up13','ZGZjY2Y0ZWZjYjQ0YjQxYWUyZWM1Yjk4M2VkM2I3NDhlNjgxZmUzMzp7Il9hdXRoX3VzZXJfaWQiOiIxIiwiX2F1dGhfdXNlcl9oYXNoIjoiZDE2NWFjMTZlYzBjMzY1ZTM0YWU2MmExMTJjNDFjNGMxNWVlZDViNyIsIl9hdXRoX3VzZXJfYmFja2VuZCI6ImRqYW5nby5jb250cmliLmF1dGguYmFja2VuZHMuTW9kZWxCYWNrZW5kIn0=','2018-07-02 08:17:31.684348');
INSERT INTO django_session VALUES('v5zgn7mclxb06hpxb7kjgzx2mcw211z9','ZGZjY2Y0ZWZjYjQ0YjQxYWUyZWM1Yjk4M2VkM2I3NDhlNjgxZmUzMzp7Il9hdXRoX3VzZXJfaWQiOiIxIiwiX2F1dGhfdXNlcl9oYXNoIjoiZDE2NWFjMTZlYzBjMzY1ZTM0YWU2MmExMTJjNDFjNGMxNWVlZDViNyIsIl9hdXRoX3VzZXJfYmFja2VuZCI6ImRqYW5nby5jb250cmliLmF1dGguYmFja2VuZHMuTW9kZWxCYWNrZW5kIn0=','2018-07-04 08:21:08.835887');
INSERT INTO django_session VALUES('kj1sdyi4yd8jqxhrcloxmyyfdakv8nm3','NDUzMmZiNzBhNGNiZDllZTM4MTZkZmJhNDFhMDc3ZDI3ZTU4ZTkxMDp7Il9hdXRoX3VzZXJfaWQiOiIxIiwiX2F1dGhfdXNlcl9iYWNrZW5kIjoiZGphbmdvLmNvbnRyaWIuYXV0aC5iYWNrZW5kcy5Nb2RlbEJhY2tlbmQiLCJfYXV0aF91c2VyX2hhc2giOiIxNTFkYWJlMWM2NjA0OTVlOWY4NjY4Y2I3NTM5YTBmNTM4MGNiOGVkIn0=','2018-11-06 02:55:32.957358');
INSERT INTO django_session VALUES('e1seamr73e21z6pvdy8y4cnrjhga61i3','NDUzMmZiNzBhNGNiZDllZTM4MTZkZmJhNDFhMDc3ZDI3ZTU4ZTkxMDp7Il9hdXRoX3VzZXJfaWQiOiIxIiwiX2F1dGhfdXNlcl9iYWNrZW5kIjoiZGphbmdvLmNvbnRyaWIuYXV0aC5iYWNrZW5kcy5Nb2RlbEJhY2tlbmQiLCJfYXV0aF91c2VyX2hhc2giOiIxNTFkYWJlMWM2NjA0OTVlOWY4NjY4Y2I3NTM5YTBmNTM4MGNiOGVkIn0=','2019-09-14 14:15:40.273188');
INSERT INTO django_session VALUES('fqa9kwmqy5cswflogmgg1u7m1ou0ga6t','ZGQzZTZkOTMyOWRmZmIzZDlmNWU0YmMyM2ZhYmMwY2FiZjc5NmU3YTp7Il9hdXRoX3VzZXJfaWQiOiIyIiwiX2F1dGhfdXNlcl9iYWNrZW5kIjoiZGphbmdvLmNvbnRyaWIuYXV0aC5iYWNrZW5kcy5Nb2RlbEJhY2tlbmQiLCJfYXV0aF91c2VyX2hhc2giOiI3ZDM1YmMzZDdmNGZkMmVmYWFiZGQxNGQ5YzcxOGQ0YTBmODc0ZTRiIiwid2FndGFpbC1wcmV2aWV3LTEzIjpbImNzcmZtaWRkbGV3YXJldG9rZW49RWw4c0RuSGxyekIyZW5pVWxFbXIwb0NvbmVSZXV1RDFtM2NMeng4YU1jZU9wa0lRek9BbDVQWHNxMlRQRElydiZuZXh0PSZ0aXRsZT1NQVJDQVMrVFEmZGVzY3JpcHRpb249ZW5jb250cmFyYXMrdW5hK2Rlc2NyaXBjaW9uK2RlK2xhcyttYXJjYXMmc2x1Zz1tYXJjYXMtdHEmc2VvX3RpdGxlPSZzZWFyY2hfZGVzY3JpcHRpb249JmdvX2xpdmVfYXQ9JmV4cGlyZV9hdD0iLDE1OTM5MDU3NjMuMDk5OTI0Nl19','2020-07-18 23:36:03.141765');
CREATE TABLE IF NOT EXISTS "taggit_tag" ("id" integer NOT NULL PRIMARY KEY AUTOINCREMENT, "name" varchar(100) NOT NULL UNIQUE, "slug" varchar(100) NOT NULL UNIQUE);
INSERT INTO taggit_tag VALUES(4,'Wagtail','wagtail');
INSERT INTO taggit_tag VALUES(5,'Welsome','welsome');
INSERT INTO taggit_tag VALUES(6,'markdown','markdown');
INSERT INTO taggit_tag VALUES(7,'pesadez','pesadez');
INSERT INTO taggit_tag VALUES(8,'llenura','llenura');
INSERT INTO taggit_tag VALUES(9,'indigestion','indigestion');
INSERT INTO taggit_tag VALUES(10,'bonfiest','bonfiest');
CREATE TABLE IF NOT EXISTS "taggit_taggeditem" ("id" integer NOT NULL PRIMARY KEY AUTOINCREMENT, "object_id" integer NOT NULL, "content_type_id" integer NOT NULL REFERENCES "django_content_type" ("id"), "tag_id" integer NOT NULL REFERENCES "taggit_tag" ("id"));
INSERT INTO taggit_taggeditem VALUES(1,20,4,8);
INSERT INTO taggit_taggeditem VALUES(2,20,4,9);
INSERT INTO taggit_taggeditem VALUES(3,20,4,7);
INSERT INTO taggit_taggeditem VALUES(4,21,4,10);
CREATE TABLE IF NOT EXISTS "wagtailcore_site" ("id" integer NOT NULL PRIMARY KEY AUTOINCREMENT, "hostname" varchar(255) NOT NULL, "port" integer NOT NULL, "is_default_site" bool NOT NULL, "root_page_id" integer NOT NULL REFERENCES "wagtailcore_page" ("id"), "site_name" varchar(255) NULL);
INSERT INTO wagtailcore_site VALUES(2,'localhost',80,1,3,NULL);
CREATE TABLE IF NOT EXISTS "wagtailcore_collection" ("id" integer NOT NULL PRIMARY KEY AUTOINCREMENT, "path" varchar(255) NOT NULL UNIQUE, "depth" integer unsigned NOT NULL, "numchild" integer unsigned NOT NULL, "name" varchar(255) NOT NULL);
INSERT INTO wagtailcore_collection VALUES(1,'0001',1,0,'Root');
CREATE TABLE IF NOT EXISTS "wagtailcore_groupcollectionpermission" ("id" integer NOT NULL PRIMARY KEY AUTOINCREMENT, "collection_id" integer NOT NULL REFERENCES "wagtailcore_collection" ("id"), "group_id" integer NOT NULL REFERENCES "auth_group" ("id"), "permission_id" integer NOT NULL REFERENCES "auth_permission" ("id"));
INSERT INTO wagtailcore_groupcollectionpermission VALUES(1,1,2,2);
INSERT INTO wagtailcore_groupcollectionpermission VALUES(2,1,1,2);
INSERT INTO wagtailcore_groupcollectionpermission VALUES(3,1,2,3);
INSERT INTO wagtailcore_groupcollectionpermission VALUES(4,1,1,3);
INSERT INTO wagtailcore_groupcollectionpermission VALUES(5,1,2,5);
INSERT INTO wagtailcore_groupcollectionpermission VALUES(6,1,1,5);
INSERT INTO wagtailcore_groupcollectionpermission VALUES(7,1,2,6);
INSERT INTO wagtailcore_groupcollectionpermission VALUES(8,1,1,6);
CREATE TABLE IF NOT EXISTS "wagtailcore_pageviewrestriction" ("id" integer NOT NULL PRIMARY KEY AUTOINCREMENT, "page_id" integer NOT NULL REFERENCES "wagtailcore_page" ("id"), "restriction_type" varchar(20) NOT NULL, "password" varchar(255) NOT NULL);
CREATE TABLE IF NOT EXISTS "wagtailcore_collectionviewrestriction" ("id" integer NOT NULL PRIMARY KEY AUTOINCREMENT, "restriction_type" varchar(20) NOT NULL, "password" varchar(255) NOT NULL, "collection_id" integer NOT NULL REFERENCES "wagtailcore_collection" ("id"));
CREATE TABLE IF NOT EXISTS "wagtailcore_collectionviewrestriction_groups" ("id" integer NOT NULL PRIMARY KEY AUTOINCREMENT, "collectionviewrestriction_id" integer NOT NULL REFERENCES "wagtailcore_collectionviewrestriction" ("id"), "group_id" integer NOT NULL REFERENCES "auth_group" ("id"));
CREATE TABLE IF NOT EXISTS "wagtailcore_pageviewrestriction_groups" ("id" integer NOT NULL PRIMARY KEY AUTOINCREMENT, "pageviewrestriction_id" integer NOT NULL REFERENCES "wagtailcore_pageviewrestriction" ("id"), "group_id" integer NOT NULL REFERENCES "auth_group" ("id"));
CREATE TABLE IF NOT EXISTS "wagtailforms_formsubmission" ("id" integer NOT NULL PRIMARY KEY AUTOINCREMENT, "form_data" text NOT NULL, "page_id" integer NOT NULL REFERENCES "wagtailcore_page" ("id"), "submit_time" datetime NOT NULL);
INSERT INTO wagtailforms_formsubmission VALUES(4,'{"message": "Hello World!", "name": "MichaelYin", "email": "contact@gmail.com"}',12,'2018-06-14 09:22:52.173089');
CREATE TABLE IF NOT EXISTS "wagtailimages_rendition" ("id" integer NOT NULL PRIMARY KEY AUTOINCREMENT, "file" varchar(100) NOT NULL, "width" integer NOT NULL, "height" integer NOT NULL, "focal_point_key" varchar(16) NOT NULL, "image_id" integer NOT NULL REFERENCES "wagtailimages_image" ("id"), "filter_spec" varchar(255) NOT NULL);
INSERT INTO wagtailimages_rendition VALUES(1,'images/wagtail-tutorials-list.max-165x165.png',165,92,'',1,'max-165x165');
INSERT INTO wagtailimages_rendition VALUES(2,'images/wagtail-django.max-165x165.jpg',165,92,'',3,'max-165x165');
INSERT INTO wagtailimages_rendition VALUES(3,'images/wagtail-tutorials-3.max-165x165.png',165,92,'',2,'max-165x165');
INSERT INTO wagtailimages_rendition VALUES(4,'images/wagtail-tutorials-list.original.png',1200,675,'',1,'original');
INSERT INTO wagtailimages_rendition VALUES(5,'images/wagtail-django.original.jpg',1125,634,'',3,'original');
INSERT INTO wagtailimages_rendition VALUES(6,'images/alex-knight-232959.max-165x165.jpg',165,110,'',5,'max-165x165');
INSERT INTO wagtailimages_rendition VALUES(7,'images/alex-knight-232959.original.jpg',4896,3264,'',5,'original');
INSERT INTO wagtailimages_rendition VALUES(8,'images/2017108f21dc4dc385a76a_trim.original.max-165x165.png',117,165,'',6,'max-165x165');
INSERT INTO wagtailimages_rendition VALUES(9,'images/2017108f21dc4dc385a76a_trim.original.original.png',184,259,'',6,'original');
INSERT INTO wagtailimages_rendition VALUES(10,'images/2017108f21dc4dc385a76a_trim.original.max-800x600.png',184,259,'',6,'max-800x600');
INSERT INTO wagtailimages_rendition VALUES(11,'images/2017108f21dc4dc385a76a_trim.original.width-900.png',184,259,'',6,'width-900');
INSERT INTO wagtailimages_rendition VALUES(15,'images/wagtail-blog-header.max-165x165.png',165,92,'',8,'max-165x165');
INSERT INTO wagtailimages_rendition VALUES(16,'images/wagtail-blog-header.original.png',1200,676,'',8,'original');
INSERT INTO wagtailimages_rendition VALUES(17,'images/wagtail-markdown-header.max-165x165.png',165,92,'',9,'max-165x165');
INSERT INTO wagtailimages_rendition VALUES(18,'images/wagtail-markdown-header.original.png',1200,676,'',9,'original');
INSERT INTO wagtailimages_rendition VALUES(19,'images/wagtail-markdown-header.max-800x600.png',800,450,'',9,'max-800x600');
INSERT INTO wagtailimages_rendition VALUES(20,'images/wagtail-code-highlight.max-165x165.png',165,92,'',14,'max-165x165');
INSERT INTO wagtailimages_rendition VALUES(21,'images/wagtail-computer.max-165x165.png',165,92,'',12,'max-165x165');
INSERT INTO wagtailimages_rendition VALUES(23,'images/wagtail-code-highlight.original.png',1200,676,'',14,'original');
INSERT INTO wagtailimages_rendition VALUES(24,'images/wagtail-computer.original.png',1200,676,'',12,'original');
INSERT INTO wagtailimages_rendition VALUES(26,'images/pexels-photo-93820_1.max-165x165.jpg',165,109,'',17,'max-165x165');
INSERT INTO wagtailimages_rendition VALUES(27,'images/pexels-photo-106606.max-165x165.jpg',165,112,'',16,'max-165x165');
INSERT INTO wagtailimages_rendition VALUES(28,'images/pexels-photo-93820_1.original.jpg',1280,853,'',17,'original');
INSERT INTO wagtailimages_rendition VALUES(29,'images/pexels-photo-106606.original.jpg',1280,875,'',16,'original');
INSERT INTO wagtailimages_rendition VALUES(31,'images/pexels-photo-417173_1.max-165x165.jpg',165,109,'',18,'max-165x165');
INSERT INTO wagtailimages_rendition VALUES(32,'images/pexels-photo-417173_1.original.jpg',1280,853,'',18,'original');
INSERT INTO wagtailimages_rendition VALUES(33,'images/sfl-plus-diagonal-250x250.max-165x165.jpg',165,165,'',20,'max-165x165');
INSERT INTO wagtailimages_rendition VALUES(34,'images/bonifest.max-165x165.jpg',165,165,'',19,'max-165x165');
INSERT INTO wagtailimages_rendition VALUES(35,'images/sfl-plus-diagonal-250x250.original.jpg',250,250,'',20,'original');
INSERT INTO wagtailimages_rendition VALUES(36,'images/bonifest.width-900.jpg',225,225,'',19,'width-900');
INSERT INTO wagtailimages_rendition VALUES(37,'images/80.max-165x165.jpg',165,123,'',21,'max-165x165');
INSERT INTO wagtailimages_rendition VALUES(38,'images/6.max-165x165.png',165,165,'',22,'max-165x165');
INSERT INTO wagtailimages_rendition VALUES(39,'images/80.original.jpg',4823,3617,'',21,'original');
INSERT INTO wagtailimages_rendition VALUES(40,'images/6.original.png',400,400,'',22,'original');
CREATE TABLE IF NOT EXISTS "wagtailsearch_query" ("id" integer NOT NULL PRIMARY KEY AUTOINCREMENT, "query_string" varchar(255) NOT NULL UNIQUE);
CREATE TABLE IF NOT EXISTS "wagtailsearch_querydailyhits" ("id" integer NOT NULL PRIMARY KEY AUTOINCREMENT, "date" date NOT NULL, "hits" integer NOT NULL, "query_id" integer NOT NULL REFERENCES "wagtailsearch_query" ("id"));
CREATE TABLE IF NOT EXISTS "wagtailsearch_editorspick" ("id" integer NOT NULL PRIMARY KEY AUTOINCREMENT, "sort_order" integer NULL, "description" text NOT NULL, "query_id" integer NOT NULL REFERENCES "wagtailsearch_query" ("id"), "page_id" integer NOT NULL REFERENCES "wagtailcore_page" ("id"));
CREATE TABLE IF NOT EXISTS "blog_blogcategory" ("id" integer NOT NULL PRIMARY KEY AUTOINCREMENT, "name" varchar(255) NOT NULL, "slug" varchar(80) NOT NULL UNIQUE);
INSERT INTO blog_blogcategory VALUES(2,'Programming','programming');
INSERT INTO blog_blogcategory VALUES(3,'Life','life');
INSERT INTO blog_blogcategory VALUES(4,'Note','note');
CREATE TABLE IF NOT EXISTS "blog_blogpage" ("page_ptr_id" integer NOT NULL PRIMARY KEY REFERENCES "wagtailcore_page" ("id"), "description" varchar(255) NOT NULL);
INSERT INTO blog_blogpage VALUES(4,'Wagtail Blog Demo');
CREATE TABLE IF NOT EXISTS "blog_landingpage" ("page_ptr_id" integer NOT NULL PRIMARY KEY REFERENCES "wagtailcore_page" ("id"), "body" text NULL);
INSERT INTO blog_landingpage VALUES(8,'[{"value": "<p><b>This page is built using Wagtail Streamfield, please check </b><a href=\"https://blog.michaelyin.info/2017/12/25/how-use-streamfield-wagtail/\"><b>How to use StreamField in Wagtail</b></a><b> for more detail if you have no idea what is Streamfield of Wagtail.</b></p>", "type": "paragraph", "id": "87b8fa46-9123-46e1-ba59-f6c72ef29040"}, {"value": {"right_column": [{"value": "Right Header", "type": "heading", "id": "3616b65b-0b52-43df-a15d-ac26eae50265"}, {"value": 6, "type": "image", "id": "553afb23-40d1-483a-9528-838c41f8bd67"}, {"value": "<p>If you want to know more about this book, please check <a href=\"https://leanpub.com/buildblogwithwagtailcms\">Build Blog With Wagtail CMS</a></p>", "type": "paragraph", "id": "75f47133-4c64-4f34-a5d6-350f76aae427"}], "left_column": [{"value": "Left Header", "type": "heading", "id": "7e07e6a2-9fec-428a-901a-fd206684a139"}, {"value": "<p>My name is Michael Yin, I am a full stack developer from China. Right now I am living in WuHan, China with my wife. I am working with Python and Javascript to create web app and web scraping program.</p><p>I created this blog to share some thoughts and experience about programming, most of them are related to Python such as Django and Scrapy, which I love most.<br/></p>", "type": "paragraph", "id": "a1d889c9-d0e0-47b8-b38f-e6f0d82cd0cc"}]}, "type": "two_columns", "id": "74d4bced-fff9-4f8c-ab7e-67275de23e8c"}, {"value": "Table of Contents:", "type": "heading", "id": "358e4600-4a72-4541-a7f6-c74b5cebd4d6"}, {"value": "<ul><li><a href=\"https://blog.michaelyin.info/2017/06/19/python-cms-framework-review-wagtail-vs-django-cms/\">Python CMS Framework Review: wagtail vs django-cms</a> You might want to know the difference between Wagtail and Django-CMS, the two most popular CMS framework in Python world. That is why I wrote this blog post to help people like me to make a good choice.</li><li><a href=\"https://blog.michaelyin.info/2017/06/23/wagtail-tutorials-building-blog-part-1/\">Wagtail Tutorial #1: Create Wagtail Project</a> Show you how to create a wagtail project and help you understand its main components.</li><li><a href=\"https://blog.michaelyin.info/2017/06/25/wagtail-tutorials-building-blog-part-2/\">Wagtail Tutorial #2: Create Data Model</a> Teach you how to create the data model, clarify the workflow, and create template to render content.</li><li><a href=\"https://blog.michaelyin.info/2017/06/26/wagtail-tutorials-building-blog-part-3/\">Wagtail Tutorial #3: Category And Tag Support</a> Help you add category and tag support to post page as standard CMS does.</li><li><a href=\"https://blog.michaelyin.info/2017/06/30/wagtail-tutorials-routable-page/\">Wagtail Tutorial #4: Routable Page</a> Show you how to use RoutablePageMixin to make blog app routable, so it can handle sub-URLs like category and tag links.</li><li><a href=\"https://blog.michaelyin.info/2017/07/04/wagtail-tutorials-5-customize-blog-post-url/\">Wagtail Tutorial #5: Customize Blog Post URL</a> Teach you how to customize the permanent link of post page, and how to reverse the blog post link in the template..</li><li><a href=\"https://blog.michaelyin.info/2017/07/06/wagtail-tutorials-6-import-theme-wagtail-blog/\">Wagtail Tutorial #6: Import Theme Into Wagtail Blog</a> Explain how to quickly import an existing theme into wagtail blog to make our blog look more decent.</li><li><a href=\"https://blog.michaelyin.info/2017/07/11/wagtail-tutorials-7-add-search-function-wagtail-blog/\">Wagtail Tutorial #7: Add Search Function</a> Teach you how to add search function in wagtail blog so the user can filter the posts through the keywords.</li><li><a href=\"https://blog.michaelyin.info/2017/07/27/wagtail-tutorials-8-add-markdown-support/\">Wagtail Tutorial #8: Add Markdown Support</a> I will show you how to add Markdown support to our wagtail blog</li><li><a href=\"https://blog.michaelyin.info/2017/08/02/wagtail-tutorials-9-add-latex-support-code-highlight-wagtail/\">Wagtail Tutorial #9: Add LaTeX Support &amp; Code Highlight In Wagtail</a> In this tutorial, I will talk about how to add LaTeX support and code highlight support in our wagtail blog application.</li><li><a href=\"https://blog.michaelyin.info/2017/10/23/wagtail-tutorials-10-add-comment-support-wagtail-blog/\">Wagtail Tutorial #10: Add Comment Support In Wagtail Blog</a> In this chapter, I will talk about how to add comment support to our Wagtail Blog.</li></ul>", "type": "paragraph", "id": "1efb5930-49c0-4428-ad8c-d91e283fa1d9"}]');
CREATE TABLE IF NOT EXISTS "blog_postpage_categories" ("id" integer NOT NULL PRIMARY KEY AUTOINCREMENT, "postpage_id" integer NOT NULL REFERENCES "blog_postpage" ("page_ptr_id"), "blogcategory_id" integer NOT NULL REFERENCES "blog_blogcategory" ("id"));
CREATE TABLE IF NOT EXISTS "blog_postpage" ("page_ptr_id" integer NOT NULL PRIMARY KEY REFERENCES "wagtailcore_page" ("id"), "body" text NOT NULL, "date" datetime NOT NULL, "excerpt" text NOT NULL, "header_image_id" integer NULL REFERENCES "wagtailimages_image" ("id"));
INSERT INTO blog_postpage VALUES(9,replace(replace('This Wagtail Blog Demo is a live version of [wagtail-bootstrap-blog](https://github.com/michael-yin/wagtail-bootstrap-blog), which is develoepd exclusivey for my [Wagtail Blog Tutorial](https://blog.michaelyin.info/wagtail-tutorials/?utm_source=github&utm_medium=website&utm_campaign=wagtail_demo). You can also get it using commandes below.\r\n\r\n## Main features of Wagtail tutorial series:\r\n\r\n1. I will **teach you how to create a standard blog from scratch**, I will add standard CMS features to blog step by step. In the end, you will see a real blog which has nearly all features of standard CMS.\r\n\r\n2. Many tutorials indeed have code snippets, but it takes much time for newbie developer to make it run on his own projects, so in this WagtailCMS tutorial series, I created a GitHub project [wagtail_tuto](https://github.com/michael-yin/wagtail_tuto.git) hosting the source code of blog I created in tutorials. You can checkout the different commits to get started as you like. For example, if you only want to test how to add tags and category support to wagtail blog, you can `git checkout 50915b3` to make the env, source files setup, then copy code from tutorials and paste them into your project. If you have trouble in this process, `git checkout 070d8de` to see the final result which helps you troubleshoot.\r\n\r\n## Table of Contents:\r\n\r\n* [Python CMS Framework Review: wagtail vs django-cms](https://blog.michaelyin.info/2017/06/19/python-cms-framework-review-wagtail-vs-django-cms/) You might want to know the difference between Wagtail and Django-CMS, the two most popular CMS framework in Python world. That is why I wrote this blog post to help people like me to make a good choice.\r\n* [Wagtail Tutorial #1: Create Wagtail Project](https://blog.michaelyin.info/2017/06/23/wagtail-tutorials-building-blog-part-1/) Show you how to create a wagtail project and help you understand its main components. \r\n* [Wagtail Tutorial #2: Create Data Model](https://blog.michaelyin.info/2017/06/25/wagtail-tutorials-building-blog-part-2/) Teach you how to create the data model, clarify the workflow, and create template to render content.\r\n* [Wagtail Tutorial #3: Category And Tag Support](https://blog.michaelyin.info/2017/06/26/wagtail-tutorials-building-blog-part-3/) Help you add category and tag support to post page as standard CMS does.\r\n* [Wagtail Tutorial #4: Routable Page](https://blog.michaelyin.info/2017/06/30/wagtail-tutorials-routable-page/) Show you how to use RoutablePageMixin to make blog app routable, so it can handle sub-URLs like category and tag links.\r\n* [Wagtail Tutorial #5: Customize Blog Post URL](https://blog.michaelyin.info/2017/07/04/wagtail-tutorials-5-customize-blog-post-url/) Teach you how to customize the permanent link of post page, and how to reverse the blog post link in the template..\r\n* [Wagtail Tutorial #6: Import Theme Into Wagtail Blog](https://blog.michaelyin.info/2017/07/06/wagtail-tutorials-6-import-theme-wagtail-blog/) Explain how to quickly import an existing theme into wagtail blog to make our blog look more decent.\r\n* [Wagtail Tutorial #7: Add Search Function](https://blog.michaelyin.info/2017/07/11/wagtail-tutorials-7-add-search-function-wagtail-blog/) Teach you how to add search function in wagtail blog so the user can filter the posts through the keywords.\r\n* [Wagtail Tutorial #8: Add Markdown Support](https://blog.michaelyin.info/2017/07/27/wagtail-tutorials-8-add-markdown-support/) I will show you how to add Markdown support to our wagtail blog\r\n* [Wagtail Tutorial #9: Add LaTeX Support & Code Highlight In Wagtail](https://blog.michaelyin.info/2017/08/02/wagtail-tutorials-9-add-latex-support-code-highlight-wagtail/) In this tutorial, I will talk about how to add LaTeX support and code highlight support in our wagtail blog application.\r\n* [Wagtail Tutorial #10: Add Comment Support In Wagtail Blog](https://blog.michaelyin.info/2017/10/23/wagtail-tutorials-10-add-comment-support-wagtail-blog/) In this chapter, I will talk about how to add comment support to our Wagtail Blog.\r\n* [Wagtail Tutorial #11: How to use StreamField in Wagtail](https://blog.michaelyin.info/2017/12/25/how-use-streamfield-wagtail/) I will talk about the StreamField feature of Wagtail in detail and I must say StreamField is one of the most amazing features in Wagtail.','\r',char(13)),'\n',char(10)),'2018-01-30 19:00:00','',18);
INSERT INTO blog_postpage VALUES(10,replace(replace('The markdown support is based on [Python-markdown](https://github.com/Python-Markdown/markdown), which supports extensions. The latex support of this blog is implemented in this way.\r\n\r\n# Heading 1 #\r\n\r\n    Markup :  # Heading 1 #\r\n\r\n    -OR-\r\n\r\n    Markup :  ============= (below H1 text)\r\n\r\n## Heading 2 ##\r\n\r\n    Markup :  ## Heading 2 ##\r\n\r\n    -OR-\r\n\r\n    Markup: --------------- (below H2 text)\r\n\r\n### Heading 3 ###\r\n\r\n    Markup :  ### Heading 3 ###\r\n\r\n#### Heading 4 ####\r\n\r\n    Markup :  #### Heading 4 ####\r\n\r\n\r\nCommon text\r\n\r\n    Markup :  Common text\r\n\r\n*Emphasized text_\r\n\r\n    Markup :  _Emphasized text_ or *Emphasized text*\r\n\r\n__Strong text__\r\n\r\n    Markup :  __Strong text__ or **Strong text**\r\n\r\n___Strong emphasized text___\r\n\r\n    Markup :  ___Strong emphasized text___ or ***Strong emphasized text***\r\n\r\n[Named Link](http://www.google.fr/) and  <http://example.com/>\r\n\r\n    Markup :  [Named Link](http://www.google.fr/) and <http://example.com/>\r\n\r\nTable, like this one :\r\n\r\nFirst Header  | Second Header\r\n------------- | -------------\r\nContent Cell  | Content Cell\r\nContent Cell  | Content Cell\r\n\r\n```\r\nFirst Header  | Second Header\r\n------------- | -------------\r\nContent Cell  | Content Cell\r\nContent Cell  | Content Cell\r\n```\r\n\r\n`code()`\r\n\r\n    Markup :  `code()`\r\n\r\n```javascript\r\nvar specificLanguage_code = \r\n{\r\n    "data": {\r\n        "lookedUpPlatform": 1,\r\n        "query": "Kasabian+Test+Transmission",\r\n        "lookedUpItem": {\r\n            "name": "Test Transmission",\r\n            "artist": "Kasabian",\r\n            "album": "Kasabian",\r\n            "picture": null,\r\n            "link": "http://open.spotify.com/track/5jhJur5n4fasblLSCOcrTp"\r\n        }\r\n    }\r\n}\r\n```\r\n\r\n    Markup : ```javascript\r\n             ```\r\n\r\n* Bullet list\r\n    * Nested bullet\r\n        * Sub-nested bullet etc\r\n* Bullet list item 2\r\n\r\n~~~\r\n Markup : * Bullet list\r\n              * Nested bullet\r\n                  * Sub-nested bullet etc\r\n          * Bullet list item 2\r\n~~~\r\n\r\n1. A numbered list\r\n    1. A nested numbered list\r\n    2. Which is numbered\r\n2. Which is numbered\r\n\r\n~~~\r\n Markup : 1. A numbered list\r\n              1. A nested numbered list\r\n              2. Which is numbered\r\n          2. Which is numbered\r\n~~~\r\n\r\n- [ ] An uncompleted task\r\n- [x] A completed task\r\n\r\n~~~\r\n Markup : - [ ] An uncompleted task\r\n          - [x] A completed task\r\n~~~\r\n\r\n> Blockquote\r\n>> Nested blockquote\r\n\r\n    Markup :  > Blockquote\r\n              >> Nested Blockquote\r\n\r\n_Horizontal line :_\r\n- - - -\r\n\r\n    Markup :  - - - -\r\n\r\n_Image with alt :_\r\n\r\n![picture alt](http://www.brightlightpictures.com/assets/images/portfolio/thethaw_header.jpg "Title is optional")\r\n\r\n    Markup : ![picture alt](http://www.brightlightpictures.com/assets/images/portfolio/thethaw_header.jpg "Title is optional")\r\n\r\nFoldable text:\r\n\r\n<details>\r\n  <summary>Title 1</summary>\r\n  <p>Content 1 Content 1 Content 1 Content 1 Content 1</p>\r\n</details>\r\n<details>\r\n  <summary>Title 2</summary>\r\n  <p>Content 2 Content 2 Content 2 Content 2 Content 2</p>\r\n</details>\r\n\r\n    Markup : <details>\r\n               <summary>Title 1</summary>\r\n               <p>Content 1 Content 1 Content 1 Content 1 Content 1</p>\r\n             </details>\r\n\r\nHotkey:\r\n\r\n<kbd>F</kbd>\r\n\r\n<kbd>F</kbd>\r\n\r\n    Markup : <kbd>F</kbd>\r\n\r\nHotkey list:\r\n\r\n| Key | Symbol |\r\n| --- | --- |\r\n| Option |  |\r\n| Control |  |\r\n| Command |  |\r\n| Shift |  |\r\n| Caps Lock |  |\r\n| Tab |  |\r\n| Esc |  |\r\n| Power |  |\r\n| Return |  |\r\n| Delete |  |\r\n| Up |  |\r\n| Down |  |\r\n| Left |  |\r\n| Right |  |','\r',char(13)),'\n',char(10)),'2018-01-30 08:09:00','Markdown is supported in [wagtail-bootstrap-blog](https://github.com/michael-yin/wagtail-bootstrap-blog.git), you can check this page for more detail.',16);
INSERT INTO blog_postpage VALUES(11,replace(replace('## Latex Example\015\012\015\012$$\015\012    v=\left[\015\012     \begin{matrix}\015\012       v_1\\\015\012       v_2\015\012      \end{matrix}\015\012      \right]\015\012$$\015\012\015\012$$\015\012    Ax = \left[\015\012         \begin{matrix}\015\012          u & v & w\\\015\012          \end{matrix}\015\012          \right] \015\012    \left[\015\012         \begin{matrix}\015\012          c\\\015\012          d\\\015\012          e\\\015\012          \end{matrix}\015\012          \right] \015\012    =cu+dv+ew\015\012$$\015\012\015\012$$\015\012    \left[\015\012         \begin{matrix}\015\012           v_1\\\015\012           v_2\015\012          \end{matrix}\015\012          \right] \015\012    \cdot  \015\012    \left[\015\012         \begin{matrix}\015\012           w_1\\\015\012           w_2\015\012          \end{matrix}\015\012          \right] \015\012    = \015\012    v_1w_1 + v_2w_2\015\012$$\015\012\015\012## Code Highlight\015\012\015\012### Bubble Sort in Javascript\015\012\015\012```javascript\015\012function bubbleSort(arr){\015\012   var len = arr.length;\015\012   for (var i = len-1; i>=0; i--){\015\012     for(var j = 1; j<=i; j++){\015\012       if(arr[j-1]>arr[j]){\015\012           var temp = arr[j-1];\015\012           arr[j-1] = arr[j];\015\012           arr[j] = temp;\015\012        }\015\012     }\015\012   }\015\012   return arr;\015\012}\015\012bubbleSort([7,5,2,4,3,9]); //[2, 3, 4, 5, 7, 9]\015\012bubbleSort([9,7,5,4,3,1]); //[1, 3, 4, 5, 7, 9]\015\012bubbleSort([1,2,3,4,5,6]); //[1, 2, 3, 4, 5, 6]\015\012```\015\012\015\012### Quick Sort in Python\015\012\015\012```python\015\012def quicksort(x):\015\012    if len(x) == 1 or len(x) == 0:\015\012        return x\015\012    else:\015\012        pivot = x[0]\015\012        i = 0\015\012        for j in range(len(x)-1):\015\012            if x[j+1] < pivot:\015\012                x[j+1],x[i+1] = x[i+1], x[j+1]\015\012                i += 1\015\012        x[0],x[i] = x[i],x[0]\015\012        first_part = quicksort(x[:i])\015\012        second_part = quicksort(x[i+1:])\015\012        first_part.append(x[i])\015\012        return first_part + second_part\015\012        \015\012alist = [54,26,93,17,77,31,44,55,20]\015\012quickSort(alist)\015\012print(alist)\015\012```\015\012\015\012\015\012### Insertion Sort in PHP\015\012\015\012```php\015\012<?php\015\012\015\012 function insertion_Sort($my_array)\015\012{\015\012	for($i=0;$i<count($my_array);$i++){\015\012		$val = $my_array[$i];\015\012		$j = $i-1;\015\012		while($j>=0 && $my_array[$j] > $val){\015\012			$my_array[$j+1] = $my_array[$j];\015\012			$j--;\015\012		}\015\012		$my_array[$j+1] = $val;\015\012	}\015\012return $my_array;\015\012}\015\012$test_array = array(3, 0, 2, 5, -1, 4, 1);\015\012echo "Original Array :\n";\015\012echo implode('', '',$test_array );\015\012echo "\nSorted Array :\n";\015\012print_r(insertion_Sort($test_array));\015\012?>\015\012```','\015',char(13)),'\012',char(10)),'2018-01-30 09:08:00','Check this page for detail about Latex and Code highlight.',17);
CREATE TABLE IF NOT EXISTS "blog_blogpagetag" ("id" integer NOT NULL PRIMARY KEY AUTOINCREMENT, "content_object_id" integer NOT NULL REFERENCES "blog_postpage" ("page_ptr_id"), "tag_id" integer NOT NULL REFERENCES "taggit_tag" ("id"));
INSERT INTO blog_blogpagetag VALUES(42,10,6);
INSERT INTO blog_blogpagetag VALUES(45,9,4);
INSERT INTO blog_blogpagetag VALUES(46,9,5);
CREATE TABLE IF NOT EXISTS "home_homepage" ("page_ptr_id" integer NOT NULL PRIMARY KEY REFERENCES "wagtailcore_page" ("id"));
INSERT INTO home_homepage VALUES(3);
CREATE TABLE IF NOT EXISTS "wagtailmenus_flatmenuitem" ("id" integer NOT NULL PRIMARY KEY AUTOINCREMENT, "sort_order" integer NULL, "link_url" varchar(255) NULL, "link_page_id" integer NULL REFERENCES "wagtailcore_page" ("id"), "menu_id" integer NOT NULL REFERENCES "wagtailmenus_flatmenu" ("id"), "url_append" varchar(255) NOT NULL, "allow_subnav" bool NOT NULL, "handle" varchar(100) NOT NULL, "link_text" varchar(255) NOT NULL);
CREATE TABLE IF NOT EXISTS "wagtailmenus_mainmenuitem" ("id" integer NOT NULL PRIMARY KEY AUTOINCREMENT, "sort_order" integer NULL, "link_url" varchar(255) NULL, "link_page_id" integer NULL REFERENCES "wagtailcore_page" ("id"), "menu_id" integer NOT NULL REFERENCES "wagtailmenus_mainmenu" ("id"), "allow_subnav" bool NOT NULL, "url_append" varchar(255) NOT NULL, "handle" varchar(100) NOT NULL, "link_text" varchar(255) NOT NULL);
INSERT INTO wagtailmenus_mainmenuitem VALUES(3,2,NULL,8,1,0,'','','CATEGORIAS');
INSERT INTO wagtailmenus_mainmenuitem VALUES(5,3,NULL,12,1,1,'','','Contactanos');
INSERT INTO wagtailmenus_mainmenuitem VALUES(6,0,NULL,4,1,1,'','','Productos tq');
INSERT INTO wagtailmenus_mainmenuitem VALUES(7,1,NULL,13,1,0,'','','Marcas tq');
CREATE TABLE IF NOT EXISTS "blog_formpage" ("page_ptr_id" integer NOT NULL PRIMARY KEY REFERENCES "wagtailcore_page" ("id"), "to_address" varchar(255) NOT NULL, "from_address" varchar(255) NOT NULL, "subject" varchar(255) NOT NULL, "thank_you_text" text NOT NULL);
INSERT INTO blog_formpage VALUES(12,'admin@michaelyin.info','noreply@michaelyin.info','Contact Message Received','<p>Thanks for your message, we will contact you ASAP.</p>');
CREATE TABLE IF NOT EXISTS "blog_formfield" ("id" integer NOT NULL PRIMARY KEY AUTOINCREMENT, "sort_order" integer NULL, "label" varchar(255) NOT NULL, "field_type" varchar(16) NOT NULL, "required" bool NOT NULL, "choices" text NOT NULL, "default_value" varchar(255) NOT NULL, "help_text" varchar(255) NOT NULL, "page_id" integer NOT NULL REFERENCES "blog_formpage" ("page_ptr_id"));
INSERT INTO blog_formfield VALUES(1,0,'Name','singleline',1,'','','',12);
INSERT INTO blog_formfield VALUES(2,1,'Email','email',1,'','','',12);
INSERT INTO blog_formfield VALUES(3,2,'Message','multiline',1,'','','',12);
CREATE TABLE IF NOT EXISTS "auth_user" ("id" integer NOT NULL PRIMARY KEY AUTOINCREMENT, "password" varchar(128) NOT NULL, "last_login" datetime NULL, "is_superuser" bool NOT NULL, "username" varchar(150) NOT NULL UNIQUE, "first_name" varchar(30) NOT NULL, "email" varchar(254) NOT NULL, "is_staff" bool NOT NULL, "is_active" bool NOT NULL, "date_joined" datetime NOT NULL, "last_name" varchar(150) NOT NULL);
INSERT INTO auth_user VALUES(1,'pbkdf2_sha256$100000$TbkjyF29DdLv$bQ7T/TGM5ZS1Zq0C2D7Lr+lYDhxUZ/abcYIgTclI7YI=','2019-08-31 14:15:40.266122',1,'admin','','',1,1,'2017-06-22 08:37:38.160000','');
INSERT INTO auth_user VALUES(2,'pbkdf2_sha256$180000$aHbLzWhSrmuy$6y8tddpy0npB+9nnzi3QEtVWMKCyS569n47D7LBzA1c=','2020-07-04 23:33:50.087647',1,'useradmin','','juan.suarez@globalbit.co',1,1,'2020-07-04 23:33:34.994763','');
CREATE TABLE IF NOT EXISTS "home_copywritingsettings" ("id" integer NOT NULL PRIMARY KEY AUTOINCREMENT, "hero_title" varchar(255) NOT NULL, "hero_lead" text NOT NULL, "hero_cta_text" varchar(255) NOT NULL, "hero_cta_url" varchar(255) NOT NULL, "site_id" integer NOT NULL UNIQUE REFERENCES "wagtailcore_site" ("id") DEFERRABLE INITIALLY DEFERRED, "testimonial" text NULL);
INSERT INTO home_copywritingsettings VALUES(1,'Bienvenidos encontraras los productos de TQ','<p>Para ver el blog selecionelo en la parte posterior </p>','Visita globalbit.com','https://www.globalbit.co/',2,'[{"type": "row", "value": {"paragraph": "<h3><b>Bonfiest</b></h3><p>anti\u00e1cido, tratamiento de trastornos disp\u00e9pticos generados por exceso de  bebidas no alcoh\u00f3licas y comidas. Analg\u00e9sico y anpir\u00e9tico.</p>", "image": 21}, "id": "e77874d6-05bf-4be7-8229-be93d52a629f"}, {"type": "row", "value": {"paragraph": "<h3>Sal de Frutas LUA Plus</h3><p>Sal de Frutas LUA Plus alivia la indigesti\u00f3n y el malestar estomacal ocasionado por el consumo de comidas y bebidas en exceso.</p>", "image": 20}, "id": "aabdeea7-6e52-419f-8038-31f6cccb3f2b"}, {"type": "row", "value": {"paragraph": "<h3>Acetaminofen Mk Tabletas Recubiertas 500 Mg</h3><p>Resfriado com\u00fan y cuadros febriles. Dolor fuerte de cabeza. Dismenorrea, dolores dentales y dolor de o\u00eddo. Dolores osteomusculares como lumbagias, cervicalgia y/o dorsalgias. Dolores articulares como artosis de rodillas y/o caderas.</p>", "image": 22}, "id": "8c51610b-c48a-415d-b089-17592afc4b00"}]');
CREATE TABLE IF NOT EXISTS "django_admin_log" ("id" integer NOT NULL PRIMARY KEY AUTOINCREMENT, "action_time" datetime NOT NULL, "object_id" text NULL, "object_repr" varchar(200) NOT NULL, "change_message" text NOT NULL, "content_type_id" integer NULL REFERENCES "django_content_type" ("id") DEFERRABLE INITIALLY DEFERRED, "user_id" integer NOT NULL REFERENCES "auth_user" ("id") DEFERRABLE INITIALLY DEFERRED, "action_flag" smallint unsigned NOT NULL CHECK ("action_flag" >= 0));
CREATE TABLE IF NOT EXISTS "auth_group" ("id" integer NOT NULL PRIMARY KEY AUTOINCREMENT, "name" varchar(150) NOT NULL UNIQUE);
INSERT INTO auth_group VALUES(1,'Moderators');
INSERT INTO auth_group VALUES(2,'Editors');
CREATE TABLE IF NOT EXISTS "marcas_marcascategory" ("id" integer NOT NULL PRIMARY KEY AUTOINCREMENT, "name" varchar(255) NOT NULL, "slug" varchar(80) NOT NULL UNIQUE);
INSERT INTO marcas_marcascategory VALUES(1,'antiacido','antiacido');
INSERT INTO marcas_marcascategory VALUES(2,'Analgesicos','analgesicos');
INSERT INTO marcas_marcascategory VALUES(3,'oral','oral');
CREATE TABLE IF NOT EXISTS "marcas_marcaspage" ("page_ptr_id" integer NOT NULL PRIMARY KEY REFERENCES "wagtailcore_page" ("id") DEFERRABLE INITIALLY DEFERRED, "description" varchar(255) NOT NULL);
INSERT INTO marcas_marcaspage VALUES(13,'encontraras una descripcion de las marcas');
CREATE TABLE IF NOT EXISTS "marcas_landingpage" ("page_ptr_id" integer NOT NULL PRIMARY KEY REFERENCES "wagtailcore_page" ("id") DEFERRABLE INITIALLY DEFERRED, "body" text NULL);
INSERT INTO marcas_landingpage VALUES(15,'[{"type": "heading", "value": "Aqui encontraras todas nuestros productos", "id": "524643aa-0398-4a8e-9624-72ffaa0190e3"}, {"type": "paragraph", "value": "<p>Producimos mas de 4000 productos diferentes</p>", "id": "da7175e7-f3d5-404b-8655-dd75a7c30e55"}, {"type": "two_columns", "value": {"left_column": [{"type": "image", "value": 19, "id": "ec0e43fe-a664-45ad-8d62-62d68e2aa192"}], "right_column": [{"type": "paragraph", "value": "<p><b>INFORMACION DEL PRODUCTO</b></p><p>INVIMA 2008 M-010211 R2</p><p>Bicarbonato de sodio.</p><p>Sal de Frutas LUA Plus alivia la indigesti\u00f3n y el malestar estomacal ocasionado por el consumo de comidas y bebidas en exceso.</p><p>Anti\u00e1cido.</p><p>Alivio de los s\u00edntomas de la indigesti\u00f3n, pesadez y llenura.</p><p>Oral</p><p>Adultos y ni\u00f1os mayores de 12 a\u00f1os: Un sobre de Sal de Frutas LUA, diluido en medio vaso con agua, 20 a 60 minutos despu\u00e9s de las comidas.</p><p>Plegadiza x 8 y x 20 sobres</p>", "id": "9efa2110-308d-481e-a803-8d2c3b7b990a"}]}, "id": "3708dd86-e8db-4ab3-828d-220235354083"}, {"type": "two_columns", "value": {"left_column": [{"type": "image", "value": 19, "id": "2a7a5fab-5b4c-4d5a-9778-b9f4b0b0d8fd"}], "right_column": [{"type": "paragraph", "value": "<p><b>INFORMACION DEL PRODUCTO</b></p><p>NVIMA 2015M-0004285 R1</p><p>\u00c1cido Acetilsalic\u00edlico, Bicarbonato de Sodio, Cafe\u00edna anhidra.</p><p>Analg\u00e9sico, antipir\u00e9tico. Anti\u00e1cido.</p><p>anti\u00e1cido, tratamiento de trastornos disp\u00e9pticos generados por exceso de bebidas no alcoh\u00f3licas y comidas. Analg\u00e9sico y anpir\u00e9tico.</p><p>Oral</p><p>Adultos: 1 a 2 sobres disueltos en agua cada 6 u 8 horas (tres a cuatro sobres/d\u00eda), si la primera dosis es de 2 sobres). Cons\u00famase inmediatamente despu\u00e9s de reconstituido.\u00a0</p><p>Caja x 8 Sob. Ple. x 6 Sob Ple. x 16 Sob Ple. x 18 Sob Ple. x 24 Sob Ple. x 32 Sob</p>", "id": "0a5f8af9-c54b-4bb6-8fc8-a8e39dd6fda6"}]}, "id": "8f70f25f-859f-4571-972c-1967edad3f5f"}, {"type": "embedded_video", "value": "https://www.youtube.com/watch?v=tUYGNoYumcQ", "id": "42ba8228-9919-46fb-b928-6f81459efc08"}]');
CREATE TABLE IF NOT EXISTS "marcas_postpage_categories" ("id" integer NOT NULL PRIMARY KEY AUTOINCREMENT, "postpage_id" integer NOT NULL REFERENCES "marcas_postpage" ("page_ptr_id") DEFERRABLE INITIALLY DEFERRED, "marcascategory_id" integer NOT NULL REFERENCES "marcas_marcascategory" ("id") DEFERRABLE INITIALLY DEFERRED);
INSERT INTO marcas_postpage_categories VALUES(1,14,1);
INSERT INTO marcas_postpage_categories VALUES(2,14,3);
CREATE TABLE IF NOT EXISTS "marcas_postpage" ("page_ptr_id" integer NOT NULL PRIMARY KEY REFERENCES "wagtailcore_page" ("id") DEFERRABLE INITIALLY DEFERRED, "body" text NOT NULL, "date" datetime NOT NULL, "excerpt" text NOT NULL, "header_image_id" integer NULL REFERENCES "wagtailimages_image" ("id") DEFERRABLE INITIALLY DEFERRED);
INSERT INTO marcas_postpage VALUES(14,replace(replace('**INFORMACION DEL PRODUCTO**\r\nINVIMA 2008 M-010211 R2\r\n\r\nBicarbonato de sodio.\r\n\r\nSal de Frutas LUA Plus alivia la indigestin y el malestar estomacal ocasionado por el consumo de comidas y bebidas en exceso.\r\n\r\nAnticido.\r\n\r\nAlivio de los sntomas de la indigestin, pesadez y llenura.\r\n\r\nOral\r\n\r\nAdultos y nios mayores de 12 aos: Un sobre de Sal de Frutas LUA, diluido en medio vaso con agua, 20 a 60 minutos despus de las comidas.\r\n\r\nPlegadiza x 8 y x 20 sobres','\r',char(13)),'\n',char(10)),'2020-07-06 14:16:00',replace(replace('Cada sobre de 5 g de Sal de Frutas LUA Plus contiene Bicarbonato de sodio 2.83 g; excipientes c.s.\r\n\r\nSabores:\r\nNaranja, Limon y el original. \r\n\r\nHipersensibilidad a la frmula. Sntomas de apendicitis o de dolores abdominales de tipologa no determinada y dems estados dolorosos e inflamatorios del aparato digestivo.\r\n\r\nInsuficiencia cardiaca o renal crnica, cirrosis heptica, hipertensin arterial. Mujeres en embarazo y en periodo de lactancia.','\r',char(13)),'\n',char(10)),20);
CREATE TABLE IF NOT EXISTS "marcas_marcaspagetag" ("id" integer NOT NULL PRIMARY KEY AUTOINCREMENT, "content_object_id" integer NOT NULL REFERENCES "marcas_postpage" ("page_ptr_id") DEFERRABLE INITIALLY DEFERRED, "tag_id" integer NOT NULL REFERENCES "taggit_tag" ("id") DEFERRABLE INITIALLY DEFERRED);
INSERT INTO marcas_marcaspagetag VALUES(4,14,8);
INSERT INTO marcas_marcaspagetag VALUES(5,14,9);
INSERT INTO marcas_marcaspagetag VALUES(6,14,7);
CREATE TABLE IF NOT EXISTS "marcas_formpage" ("page_ptr_id" integer NOT NULL PRIMARY KEY REFERENCES "wagtailcore_page" ("id") DEFERRABLE INITIALLY DEFERRED, "to_address" varchar(255) NOT NULL, "from_address" varchar(255) NOT NULL, "subject" varchar(255) NOT NULL, "thank_you_text" text NOT NULL);
CREATE TABLE IF NOT EXISTS "marcas_formfield" ("id" integer NOT NULL PRIMARY KEY AUTOINCREMENT, "sort_order" integer NULL, "label" varchar(255) NOT NULL, "field_type" varchar(16) NOT NULL, "required" bool NOT NULL, "choices" text NOT NULL, "default_value" varchar(255) NOT NULL, "help_text" varchar(255) NOT NULL, "page_id" integer NOT NULL REFERENCES "marcas_formpage" ("page_ptr_id") DEFERRABLE INITIALLY DEFERRED);
CREATE TABLE IF NOT EXISTS "wagtailcore_pagerevision" ("id" integer NOT NULL PRIMARY KEY AUTOINCREMENT, "submitted_for_moderation" bool NOT NULL, "created_at" datetime NOT NULL, "content_json" text NOT NULL, "page_id" integer NOT NULL REFERENCES "wagtailcore_page" ("id") DEFERRABLE INITIALLY DEFERRED, "user_id" integer NULL REFERENCES "auth_user" ("id") DEFERRABLE INITIALLY DEFERRED, "approved_go_live_at" datetime NULL);
INSERT INTO wagtailcore_pagerevision VALUES(1,0,'2018-03-31 13:13:22.468493','{"slug": "blog", "content_type": 31, "title": "Wagtail Blog Demo", "show_in_menus": true, "last_published_at": null, "owner": 1, "depth": 3, "draft_title": "Wagtail Blog Demo", "pk": 4, "go_live_at": null, "latest_revision_created_at": "2018-01-31T02:29:55.213Z", "first_published_at": "2017-06-24T01:31:12.387Z", "seo_title": "Wagtail Blog Demo", "path": "000100010001", "expire_at": null, "live": true, "locked": false, "search_description": "Wagtail Blog Demo", "expired": false, "numchild": 4, "has_unpublished_changes": false, "live_revision": null, "url_path": "/home/blog/", "description": "Wagtail Blog Demo"}',4,1,NULL);
INSERT INTO wagtailcore_pagerevision VALUES(2,0,'2018-03-31 13:31:18.570783','{"slug": "about", "owner": 1, "live": true, "expired": false, "expire_at": null, "live_revision": null, "search_description": "", "body": "[{\"value\": \"<p><b>This page is built using Wagtail Streamfield, please check </b><a href=\\\"https://blog.michaelyin.info/2017/12/25/how-use-streamfield-wagtail/\\\"><b>How to use StreamField in Wagtail</b></a><b> for more detail if you have no idea what is Streamfield of Wagtail.</b></p>\", \"type\": \"paragraph\", \"id\": \"87b8fa46-9123-46e1-ba59-f6c72ef29040\"}, {\"value\": {\"right_column\": [{\"value\": \"Right Header\", \"type\": \"heading\", \"id\": \"3616b65b-0b52-43df-a15d-ac26eae50265\"}, {\"value\": 6, \"type\": \"image\", \"id\": \"553afb23-40d1-483a-9528-838c41f8bd67\"}, {\"value\": \"<p>If you want to know more about this book, please check <a href=\\\"https://leanpub.com/buildblogwithwagtailcms\\\">Build Blog With Wagtail CMS</a></p>\", \"type\": \"paragraph\", \"id\": \"75f47133-4c64-4f34-a5d6-350f76aae427\"}], \"left_column\": [{\"value\": \"Left Header\", \"type\": \"heading\", \"id\": \"7e07e6a2-9fec-428a-901a-fd206684a139\"}, {\"value\": \"<p>My name is Michael Yin, I am a full stack developer from China. Right now I am living in WuHan, China with my wife. I am working with Python and Javascript to create web app and web scraping program.</p><p>I created this blog to share some thoughts and experience about programming, most of them are related to Python such as Django and Scrapy, which I love most.<br/></p>\", \"type\": \"paragraph\", \"id\": \"a1d889c9-d0e0-47b8-b38f-e6f0d82cd0cc\"}]}, \"type\": \"two_columns\", \"id\": \"74d4bced-fff9-4f8c-ab7e-67275de23e8c\"}, {\"value\": \"Table of Contents:\", \"type\": \"heading\", \"id\": \"358e4600-4a72-4541-a7f6-c74b5cebd4d6\"}, {\"value\": \"<ul><li><a href=\\\"https://blog.michaelyin.info/2017/06/19/python-cms-framework-review-wagtail-vs-django-cms/\\\">Python CMS Framework Review: wagtail vs django-cms</a> You might want to know the difference between Wagtail and Django-CMS, the two most popular CMS framework in Python world. That is why I wrote this blog post to help people like me to make a good choice.</li><li><a href=\\\"https://blog.michaelyin.info/2017/06/23/wagtail-tutorials-building-blog-part-1/\\\">Wagtail Tutorial #1: Create Wagtail Project</a> Show you how to create a wagtail project and help you understand its main components.</li><li><a href=\\\"https://blog.michaelyin.info/2017/06/25/wagtail-tutorials-building-blog-part-2/\\\">Wagtail Tutorial #2: Create Data Model</a> Teach you how to create the data model, clarify the workflow, and create template to render content.</li><li><a href=\\\"https://blog.michaelyin.info/2017/06/26/wagtail-tutorials-building-blog-part-3/\\\">Wagtail Tutorial #3: Category And Tag Support</a> Help you add category and tag support to post page as standard CMS does.</li><li><a href=\\\"https://blog.michaelyin.info/2017/06/30/wagtail-tutorials-routable-page/\\\">Wagtail Tutorial #4: Routable Page</a> Show you how to use RoutablePageMixin to make blog app routable, so it can handle sub-URLs like category and tag links.</li><li><a href=\\\"https://blog.michaelyin.info/2017/07/04/wagtail-tutorials-5-customize-blog-post-url/\\\">Wagtail Tutorial #5: Customize Blog Post URL</a> Teach you how to customize the permanent link of post page, and how to reverse the blog post link in the template..</li><li><a href=\\\"https://blog.michaelyin.info/2017/07/06/wagtail-tutorials-6-import-theme-wagtail-blog/\\\">Wagtail Tutorial #6: Import Theme Into Wagtail Blog</a> Explain how to quickly import an existing theme into wagtail blog to make our blog look more decent.</li><li><a href=\\\"https://blog.michaelyin.info/2017/07/11/wagtail-tutorials-7-add-search-function-wagtail-blog/\\\">Wagtail Tutorial #7: Add Search Function</a> Teach you how to add search function in wagtail blog so the user can filter the posts through the keywords.</li><li><a href=\\\"https://blog.michaelyin.info/2017/07/27/wagtail-tutorials-8-add-markdown-support/\\\">Wagtail Tutorial #8: Add Markdown Support</a> I will show you how to add Markdown support to our wagtail blog</li><li><a href=\\\"https://blog.michaelyin.info/2017/08/02/wagtail-tutorials-9-add-latex-support-code-highlight-wagtail/\\\">Wagtail Tutorial #9: Add LaTeX Support &amp; Code Highlight In Wagtail</a> In this tutorial, I will talk about how to add LaTeX support and code highlight support in our wagtail blog application.</li><li><a href=\\\"https://blog.michaelyin.info/2017/10/23/wagtail-tutorials-10-add-comment-support-wagtail-blog/\\\">Wagtail Tutorial #10: Add Comment Support In Wagtail Blog</a> In this chapter, I will talk about how to add comment support to our Wagtail Blog.</li></ul>\", \"type\": \"paragraph\", \"id\": \"1efb5930-49c0-4428-ad8c-d91e283fa1d9\"}]", "url_path": "/home/blog/about/", "seo_title": "", "draft_title": "About", "pk": 8, "latest_revision_created_at": "2018-01-31T02:24:28.647Z", "has_unpublished_changes": false, "title": "About", "last_published_at": null, "show_in_menus": true, "numchild": 0, "path": "0001000100010004", "locked": false, "content_type": 29, "first_published_at": "2017-12-23T13:41:55.069Z", "depth": 4, "go_live_at": null}',8,1,NULL);
INSERT INTO wagtailcore_pagerevision VALUES(3,0,'2018-03-31 13:31:30.297005','{"slug": "welcome", "excerpt": "", "owner": 1, "live": true, "expired": false, "expire_at": null, "header_image": 18, "live_revision": null, "search_description": "", "body": "This Wagtail Blog Demo is a live version of [wagtail-bootstrap-blog](https://github.com/michael-yin/wagtail-bootstrap-blog), which is develoepd exclusivey for my [Wagtail Blog Tutorial](https://blog.michaelyin.info/wagtail-tutorials/?utm_source=github&utm_medium=website&utm_campaign=wagtail_demo). You can also get it using commandes below.\r\n\r\n## Main features of Wagtail tutorial series:\r\n\r\n1. I will **teach you how to create a standard blog from scratch**, I will add standard CMS features to blog step by step. In the end, you will see a real blog which has nearly all features of standard CMS.\r\n\r\n2. Many tutorials indeed have code snippets, but it takes much time for newbie developer to make it run on his own projects, so in this WagtailCMS tutorial series, I created a GitHub project [wagtail_tuto](https://github.com/michael-yin/wagtail_tuto.git) hosting the source code of blog I created in tutorials. You can checkout the different commits to get started as you like. For example, if you only want to test how to add tags and category support to wagtail blog, you can `git checkout 50915b3` to make the env, source files setup, then copy code from tutorials and paste them into your project. If you have trouble in this process, `git checkout 070d8de` to see the final result which helps you troubleshoot.\r\n\r\n## Table of Contents:\r\n\r\n* [Python CMS Framework Review: wagtail vs django-cms](https://blog.michaelyin.info/2017/06/19/python-cms-framework-review-wagtail-vs-django-cms/) You might want to know the difference between Wagtail and Django-CMS, the two most popular CMS framework in Python world. That is why I wrote this blog post to help people like me to make a good choice.\r\n* [Wagtail Tutorial #1: Create Wagtail Project](https://blog.michaelyin.info/2017/06/23/wagtail-tutorials-building-blog-part-1/) Show you how to create a wagtail project and help you understand its main components. \r\n* [Wagtail Tutorial #2: Create Data Model](https://blog.michaelyin.info/2017/06/25/wagtail-tutorials-building-blog-part-2/) Teach you how to create the data model, clarify the workflow, and create template to render content.\r\n* [Wagtail Tutorial #3: Category And Tag Support](https://blog.michaelyin.info/2017/06/26/wagtail-tutorials-building-blog-part-3/) Help you add category and tag support to post page as standard CMS does.\r\n* [Wagtail Tutorial #4: Routable Page](https://blog.michaelyin.info/2017/06/30/wagtail-tutorials-routable-page/) Show you how to use RoutablePageMixin to make blog app routable, so it can handle sub-URLs like category and tag links.\r\n* [Wagtail Tutorial #5: Customize Blog Post URL](https://blog.michaelyin.info/2017/07/04/wagtail-tutorials-5-customize-blog-post-url/) Teach you how to customize the permanent link of post page, and how to reverse the blog post link in the template..\r\n* [Wagtail Tutorial #6: Import Theme Into Wagtail Blog](https://blog.michaelyin.info/2017/07/06/wagtail-tutorials-6-import-theme-wagtail-blog/) Explain how to quickly import an existing theme into wagtail blog to make our blog look more decent.\r\n* [Wagtail Tutorial #7: Add Search Function](https://blog.michaelyin.info/2017/07/11/wagtail-tutorials-7-add-search-function-wagtail-blog/) Teach you how to add search function in wagtail blog so the user can filter the posts through the keywords.\r\n* [Wagtail Tutorial #8: Add Markdown Support](https://blog.michaelyin.info/2017/07/27/wagtail-tutorials-8-add-markdown-support/) I will show you how to add Markdown support to our wagtail blog\r\n* [Wagtail Tutorial #9: Add LaTeX Support & Code Highlight In Wagtail](https://blog.michaelyin.info/2017/08/02/wagtail-tutorials-9-add-latex-support-code-highlight-wagtail/) In this tutorial, I will talk about how to add LaTeX support and code highlight support in our wagtail blog application.\r\n* [Wagtail Tutorial #10: Add Comment Support In Wagtail Blog](https://blog.michaelyin.info/2017/10/23/wagtail-tutorials-10-add-comment-support-wagtail-blog/) In this chapter, I will talk about how to add comment support to our Wagtail Blog.\r\n* [Wagtail Tutorial #11: How to use StreamField in Wagtail](https://blog.michaelyin.info/2017/12/25/how-use-streamfield-wagtail/) I will talk about the StreamField feature of Wagtail in detail and I must say StreamField is one of the most amazing features in Wagtail.", "url_path": "/home/blog/welcome/", "seo_title": "", "draft_title": "Welcome", "pk": 9, "latest_revision_created_at": "2018-01-30T14:31:07.874Z", "has_unpublished_changes": false, "categories": [], "title": "Welcome", "last_published_at": null, "show_in_menus": true, "post_tags": [{"content_object": 9, "pk": null, "tag": 4}, {"content_object": 9, "pk": null, "tag": 5}], "date": "2018-01-30T19:00:00Z", "numchild": 0, "path": "0001000100010005", "locked": false, "content_type": 27, "first_published_at": "2018-01-30T08:05:53.204Z", "depth": 4, "go_live_at": null}',9,1,NULL);
INSERT INTO wagtailcore_pagerevision VALUES(4,0,'2018-06-14 02:28:40.332520','{"first_published_at": null, "numchild": 0, "has_unpublished_changes": false, "content_type": 39, "search_description": "", "live": true, "pk": 12, "url_path": "/home/blog/contact/", "owner": 1, "expired": false, "expire_at": null, "seo_title": "", "path": "0001000100010008", "custom_form_fields": [{"pk": 1, "default_value": "", "label": "Name", "field_type": "singleline", "page": 12, "required": true, "choices": "", "sort_order": 0, "help_text": ""}, {"pk": 2, "default_value": "", "label": "Email", "field_type": "email", "page": 12, "required": true, "choices": "", "sort_order": 1, "help_text": ""}, {"pk": 3, "default_value": "", "label": "Message", "field_type": "multiline", "page": 12, "required": true, "choices": "", "sort_order": 2, "help_text": ""}], "to_address": "", "from_address": "", "title": "Contact", "last_published_at": null, "live_revision": null, "depth": 4, "latest_revision_created_at": null, "go_live_at": null, "slug": "contact", "locked": false, "show_in_menus": false, "draft_title": "Contact", "thank_you_text": "<p>Thanks for your message, we will contact you ASAP.</p>", "subject": "Contact Message Received"}',12,1,NULL);
INSERT INTO wagtailcore_pagerevision VALUES(5,0,'2018-06-14 03:06:37.828513','{"draft_title": "Contact", "to_address": "admin@michaelyin.info", "title": "Contact", "latest_revision_created_at": "2018-06-14T02:28:40.332Z", "pk": 12, "from_address": "noreply@michaelyin.info", "path": "0001000100010008", "live": true, "url_path": "/home/blog/contact/", "last_published_at": "2018-06-14T02:28:40.356Z", "subject": "Contact Message Received", "numchild": 0, "custom_form_fields": [{"default_value": "", "required": true, "field_type": "singleline", "help_text": "", "page": 12, "pk": 1, "choices": "", "sort_order": 0, "label": "Name"}, {"default_value": "", "required": true, "field_type": "email", "help_text": "", "page": 12, "pk": 2, "choices": "", "sort_order": 1, "label": "Email"}, {"default_value": "", "required": true, "field_type": "multiline", "help_text": "", "page": 12, "pk": 3, "choices": "", "sort_order": 2, "label": "Message"}], "thank_you_text": "<p>Thanks for your message, we will contact you ASAP.</p>", "live_revision": 4, "owner": 1, "expire_at": null, "slug": "contact", "seo_title": "", "go_live_at": null, "show_in_menus": false, "expired": false, "has_unpublished_changes": false, "search_description": "", "content_type": 39, "depth": 4, "locked": false, "first_published_at": "2018-06-14T02:28:40.356Z"}',12,1,NULL);
INSERT INTO wagtailcore_pagerevision VALUES(6,0,'2018-06-20 08:21:55.033899','{"path": "0001000100010008", "locked": false, "pk": 12, "title": "Contact", "go_live_at": null, "subject": "Contact Message Received", "seo_title": "", "content_type": 39, "last_published_at": "2018-06-14T03:06:37.854Z", "draft_title": "Contact", "first_published_at": "2018-06-14T02:28:40.356Z", "live_revision": 5, "to_address": "admin@michaelyin.info", "url_path": "/home/blog/contact/", "custom_form_fields": [{"choices": "", "field_type": "singleline", "sort_order": 0, "pk": 1, "label": "Name", "default_value": "", "help_text": "", "required": true, "page": 12}, {"choices": "", "field_type": "email", "sort_order": 1, "pk": 2, "label": "Email", "default_value": "", "help_text": "", "required": true, "page": 12}, {"choices": "", "field_type": "multiline", "sort_order": 2, "pk": 3, "label": "Message", "default_value": "", "help_text": "", "required": true, "page": 12}], "from_address": "noreply@michaelyin.info", "expire_at": null, "show_in_menus": true, "owner": 1, "has_unpublished_changes": false, "slug": "contact", "numchild": 0, "depth": 4, "thank_you_text": "<p>Thanks for your message, we will contact you ASAP.</p>", "search_description": "", "expired": false, "live": true, "latest_revision_created_at": "2018-06-14T03:06:37.828Z"}',12,1,NULL);
INSERT INTO wagtailcore_pagerevision VALUES(7,0,'2020-07-04 23:35:36.396230','{"pk": 13, "path": "000100010002", "depth": 3, "numchild": 0, "title": "MARCAS TQ", "draft_title": "MARCAS TQ", "slug": "marcas-tq", "content_type": 43, "live": true, "has_unpublished_changes": false, "url_path": "/home/marcas-tq/", "owner": 2, "seo_title": "", "show_in_menus": false, "search_description": "", "go_live_at": null, "expire_at": null, "expired": false, "locked": false, "locked_at": null, "locked_by": null, "first_published_at": null, "last_published_at": null, "latest_revision_created_at": null, "live_revision": null, "description": "encontraras una descripcion de las marcas"}',13,2,NULL);
INSERT INTO wagtailcore_pagerevision VALUES(8,0,'2020-07-06 14:18:07.192619','{"pk": 14, "path": "0001000100020001", "depth": 4, "numchild": 0, "title": "Sal de Frutas LUA Plus", "draft_title": "Sal de Frutas LUA Plus", "slug": "sal-de-frutas-lua-plus", "content_type": 46, "live": true, "has_unpublished_changes": false, "url_path": "/home/marcas-tq/sal-de-frutas-lua-plus/", "owner": 2, "seo_title": "", "show_in_menus": false, "search_description": "", "go_live_at": null, "expire_at": null, "expired": false, "locked": false, "locked_at": null, "locked_by": null, "first_published_at": null, "last_published_at": null, "latest_revision_created_at": null, "live_revision": null, "body": "**INFORMACION DEL PRODUCTO**\r\nINVIMA 2008 M-010211 R2\r\n\r\nBicarbonato de sodio.\r\n\r\nSal de Frutas LUA Plus alivia la indigesti\u00f3n y el malestar estomacal ocasionado por el consumo de comidas y bebidas en exceso.\r\n\r\nAnti\u00e1cido.\r\n\r\nAlivio de los s\u00edntomas de la indigesti\u00f3n, pesadez y llenura.\r\n\r\nOral\r\n\r\nAdultos y ni\u00f1os mayores de 12 a\u00f1os: Un sobre de Sal de Frutas LUA, diluido en medio vaso con agua, 20 a 60 minutos despu\u00e9s de las comidas.\r\n\r\nPlegadiza x 8 y x 20 sobres", "date": "2020-07-06T14:16:00Z", "excerpt": "los excerpts", "header_image": 20, "post_tags": [{"pk": 1, "tag": 8, "content_object": 14}, {"pk": 2, "tag": 9, "content_object": 14}, {"pk": 3, "tag": 7, "content_object": 14}], "categories": [1, 3]}',14,2,NULL);
INSERT INTO wagtailcore_pagerevision VALUES(9,0,'2020-07-06 15:45:12.962052','{"pk": 14, "path": "0001000100020001", "depth": 4, "numchild": 0, "title": "Sal de Frutas LUA Plus", "draft_title": "Sal de Frutas LUA Plus", "slug": "sal-de-frutas-lua-plus", "content_type": 46, "live": true, "has_unpublished_changes": false, "url_path": "/home/marcas-tq/sal-de-frutas-lua-plus/", "owner": 2, "seo_title": "", "show_in_menus": false, "search_description": "", "go_live_at": null, "expire_at": null, "expired": false, "locked": false, "locked_at": null, "locked_by": null, "first_published_at": "2020-07-06T14:18:07.356Z", "last_published_at": "2020-07-06T14:18:07.356Z", "latest_revision_created_at": "2020-07-06T14:18:07.192Z", "live_revision": 8, "body": "**INFORMACION DEL PRODUCTO**\r\nINVIMA 2008 M-010211 R2\r\n\r\nBicarbonato de sodio.\r\n\r\nSal de Frutas LUA Plus alivia la indigesti\u00f3n y el malestar estomacal ocasionado por el consumo de comidas y bebidas en exceso.\r\n\r\nAnti\u00e1cido.\r\n\r\nAlivio de los s\u00edntomas de la indigesti\u00f3n, pesadez y llenura.\r\n\r\nOral\r\n\r\nAdultos y ni\u00f1os mayores de 12 a\u00f1os: Un sobre de Sal de Frutas LUA, diluido en medio vaso con agua, 20 a 60 minutos despu\u00e9s de las comidas.\r\n\r\nPlegadiza x 8 y x 20 sobres", "date": "2020-07-06T14:16:00Z", "excerpt": "Cada sobre de 5 g de Sal de Frutas LUA Plus contiene Bicarbonato de sodio 2.83 g; excipientes c.s.\r\n\r\nSabores:\r\nNaranja, Limon y el original. \r\n\r\nHipersensibilidad a la f\u00f3rmula. S\u00edntomas de apendicitis o de dolores abdominales de tipolog\u00eda no determinada y dem\u00e1s estados dolorosos e inflamatorios del aparato digestivo.\r\n\r\nInsuficiencia cardiaca o renal cr\u00f3nica, cirrosis hep\u00e1tica, hipertensi\u00f3n arterial. Mujeres en embarazo y en periodo de lactancia.", "header_image": 20, "post_tags": [{"pk": null, "tag": 8, "content_object": 14}, {"pk": null, "tag": 9, "content_object": 14}, {"pk": null, "tag": 7, "content_object": 14}], "categories": [1, 3]}',14,2,NULL);
INSERT INTO wagtailcore_pagerevision VALUES(10,0,'2020-07-06 16:32:48.153052','{"pk": 15, "path": "0001000100020002", "depth": 4, "numchild": 0, "title": "MARCAS DE TQ", "draft_title": "MARCAS DE TQ", "slug": "marcas-de-tq", "content_type": 45, "live": false, "has_unpublished_changes": false, "url_path": "/home/marcas-tq/marcas-de-tq/", "owner": 2, "seo_title": "", "show_in_menus": false, "search_description": "", "go_live_at": null, "expire_at": null, "expired": false, "locked": false, "locked_at": null, "locked_by": null, "first_published_at": null, "last_published_at": null, "latest_revision_created_at": null, "live_revision": null, "body": "[{\"type\": \"heading\", \"value\": \"Aqui encontraras todas nuestras marcas\", \"id\": \"524643aa-0398-4a8e-9624-72ffaa0190e3\"}, {\"type\": \"paragraph\", \"value\": \"<p>parrafoo que se peude ahcer</p>\", \"id\": \"da7175e7-f3d5-404b-8655-dd75a7c30e55\"}, {\"type\": \"two_columns\", \"value\": {\"left_column\": [{\"type\": \"image\", \"value\": 19, \"id\": \"ec0e43fe-a664-45ad-8d62-62d68e2aa192\"}], \"right_column\": [{\"type\": \"paragraph\", \"value\": \"<p>INVIMA 2008 M-010211 R2</p><p>Bicarbonato de sodio.</p><p>Sal de Frutas LUA Plus alivia la indigesti\\u00f3n y el malestar estomacal ocasionado por el consumo de comidas y bebidas en exceso.</p><p>Anti\\u00e1cido.</p><p>Alivio de los s\\u00edntomas de la indigesti\\u00f3n, pesadez y llenura.</p><p>Oral</p><p>Adultos y  ni\\u00f1os mayores de 12 a\\u00f1os: Un sobre de Sal de Frutas LUA, diluido en  medio vaso con agua, 20 a 60 minutos despu\\u00e9s de las comidas.</p><p>Plegadiza x 8 y x 20 sobres</p>\", \"id\": \"9efa2110-308d-481e-a803-8d2c3b7b990a\"}]}, \"id\": \"3708dd86-e8db-4ab3-828d-220235354083\"}, {\"type\": \"two_columns\", \"value\": {\"left_column\": [{\"type\": \"image\", \"value\": 19, \"id\": \"2a7a5fab-5b4c-4d5a-9778-b9f4b0b0d8fd\"}], \"right_column\": [{\"type\": \"paragraph\", \"value\": \"<p>NVIMA 2015M-0004285 R1</p><p>\\u00c1cido Acetilsalic\\u00edlico, Bicarbonato de Sodio, Cafe\\u00edna anhidra.</p><p>Analg\\u00e9sico, antipir\\u00e9tico. Anti\\u00e1cido.</p><p>anti\\u00e1cido,  tratamiento de trastornos disp\\u00e9pticos generados por exceso de bebidas  no alcoh\\u00f3licas y comidas. Analg\\u00e9sico y anpir\\u00e9tico. </p><p>Oral</p><p>Adultos: 1  a 2 sobres disueltos en agua cada 6 u 8 horas (tres a cuatro  sobres/d\\u00eda), si la primera dosis es de 2 sobres). Cons\\u00famase  inmediatamente despu\\u00e9s de reconstituido.\\u00a0</p><p>Caja x 8 Sob. Ple. x 6 Sob Ple. x 16 Sob Ple. x 18 Sob Ple. x 24 Sob Ple. x 32 Sob</p>\", \"id\": \"0a5f8af9-c54b-4bb6-8fc8-a8e39dd6fda6\"}]}, \"id\": \"8f70f25f-859f-4571-972c-1967edad3f5f\"}, {\"type\": \"embedded_video\", \"value\": \"https://www.youtube.com/watch?v=tUYGNoYumcQ\", \"id\": \"42ba8228-9919-46fb-b928-6f81459efc08\"}]"}',15,2,NULL);
INSERT INTO wagtailcore_pagerevision VALUES(11,0,'2020-07-06 16:33:05.365395','{"pk": 15, "path": "0001000100020002", "depth": 4, "numchild": 0, "title": "MARCAS DE TQ", "draft_title": "MARCAS DE TQ", "slug": "marcas-de-tq", "content_type": 45, "live": false, "has_unpublished_changes": true, "url_path": "/home/marcas-tq/marcas-de-tq/", "owner": 2, "seo_title": "", "show_in_menus": false, "search_description": "", "go_live_at": null, "expire_at": null, "expired": false, "locked": false, "locked_at": null, "locked_by": null, "first_published_at": null, "last_published_at": null, "latest_revision_created_at": "2020-07-06T16:32:48.153Z", "live_revision": null, "body": "[{\"type\": \"heading\", \"value\": \"Aqui encontraras todas nuestras marcas\", \"id\": \"524643aa-0398-4a8e-9624-72ffaa0190e3\"}, {\"type\": \"paragraph\", \"value\": \"<p>parrafoo que se peude ahcer</p>\", \"id\": \"da7175e7-f3d5-404b-8655-dd75a7c30e55\"}, {\"type\": \"two_columns\", \"value\": {\"left_column\": [{\"type\": \"image\", \"value\": 19, \"id\": \"ec0e43fe-a664-45ad-8d62-62d68e2aa192\"}], \"right_column\": [{\"type\": \"paragraph\", \"value\": \"<p>INVIMA 2008 M-010211 R2</p><p>Bicarbonato de sodio.</p><p>Sal de Frutas LUA Plus alivia la indigesti\\u00f3n y el malestar estomacal ocasionado por el consumo de comidas y bebidas en exceso.</p><p>Anti\\u00e1cido.</p><p>Alivio de los s\\u00edntomas de la indigesti\\u00f3n, pesadez y llenura.</p><p>Oral</p><p>Adultos y ni\\u00f1os mayores de 12 a\\u00f1os: Un sobre de Sal de Frutas LUA, diluido en medio vaso con agua, 20 a 60 minutos despu\\u00e9s de las comidas.</p><p>Plegadiza x 8 y x 20 sobres</p>\", \"id\": \"9efa2110-308d-481e-a803-8d2c3b7b990a\"}]}, \"id\": \"3708dd86-e8db-4ab3-828d-220235354083\"}, {\"type\": \"two_columns\", \"value\": {\"left_column\": [{\"type\": \"image\", \"value\": 19, \"id\": \"2a7a5fab-5b4c-4d5a-9778-b9f4b0b0d8fd\"}], \"right_column\": [{\"type\": \"paragraph\", \"value\": \"<p>NVIMA 2015M-0004285 R1</p><p>\\u00c1cido Acetilsalic\\u00edlico, Bicarbonato de Sodio, Cafe\\u00edna anhidra.</p><p>Analg\\u00e9sico, antipir\\u00e9tico. Anti\\u00e1cido.</p><p>anti\\u00e1cido, tratamiento de trastornos disp\\u00e9pticos generados por exceso de bebidas no alcoh\\u00f3licas y comidas. Analg\\u00e9sico y anpir\\u00e9tico.</p><p>Oral</p><p>Adultos: 1 a 2 sobres disueltos en agua cada 6 u 8 horas (tres a cuatro sobres/d\\u00eda), si la primera dosis es de 2 sobres). Cons\\u00famase inmediatamente despu\\u00e9s de reconstituido.\\u00a0</p><p>Caja x 8 Sob. Ple. x 6 Sob Ple. x 16 Sob Ple. x 18 Sob Ple. x 24 Sob Ple. x 32 Sob</p>\", \"id\": \"0a5f8af9-c54b-4bb6-8fc8-a8e39dd6fda6\"}]}, \"id\": \"8f70f25f-859f-4571-972c-1967edad3f5f\"}, {\"type\": \"embedded_video\", \"value\": \"https://www.youtube.com/watch?v=tUYGNoYumcQ\", \"id\": \"42ba8228-9919-46fb-b928-6f81459efc08\"}]"}',15,2,NULL);
INSERT INTO wagtailcore_pagerevision VALUES(12,0,'2020-07-06 16:34:13.944278','{"pk": 15, "path": "0001000100020002", "depth": 4, "numchild": 0, "title": "MARCAS DE TQ", "draft_title": "MARCAS DE TQ", "slug": "marcas-de-tq", "content_type": 45, "live": true, "has_unpublished_changes": false, "url_path": "/home/marcas-tq/marcas-de-tq/", "owner": 2, "seo_title": "", "show_in_menus": false, "search_description": "", "go_live_at": null, "expire_at": null, "expired": false, "locked": false, "locked_at": null, "locked_by": null, "first_published_at": "2020-07-06T16:33:05.428Z", "last_published_at": "2020-07-06T16:33:05.428Z", "latest_revision_created_at": "2020-07-06T16:33:05.365Z", "live_revision": 11, "body": "[{\"type\": \"heading\", \"value\": \"Aqui encontraras todas nuestras marcas\", \"id\": \"524643aa-0398-4a8e-9624-72ffaa0190e3\"}, {\"type\": \"paragraph\", \"value\": \"<p>parrafoo que se peude ahcer</p>\", \"id\": \"da7175e7-f3d5-404b-8655-dd75a7c30e55\"}, {\"type\": \"two_columns\", \"value\": {\"left_column\": [{\"type\": \"image\", \"value\": 19, \"id\": \"ec0e43fe-a664-45ad-8d62-62d68e2aa192\"}], \"right_column\": [{\"type\": \"paragraph\", \"value\": \"<p>INVIMA 2008 M-010211 R2</p><p>Bicarbonato de sodio.</p><p>Sal de Frutas LUA Plus alivia la indigesti\\u00f3n y el malestar estomacal ocasionado por el consumo de comidas y bebidas en exceso.</p><p>Anti\\u00e1cido.</p><p>Alivio de los s\\u00edntomas de la indigesti\\u00f3n, pesadez y llenura.</p><p>Oral</p><p>Adultos y ni\\u00f1os mayores de 12 a\\u00f1os: Un sobre de Sal de Frutas LUA, diluido en medio vaso con agua, 20 a 60 minutos despu\\u00e9s de las comidas.</p><p>Plegadiza x 8 y x 20 sobres</p>\", \"id\": \"9efa2110-308d-481e-a803-8d2c3b7b990a\"}]}, \"id\": \"3708dd86-e8db-4ab3-828d-220235354083\"}, {\"type\": \"two_columns\", \"value\": {\"left_column\": [{\"type\": \"image\", \"value\": 19, \"id\": \"2a7a5fab-5b4c-4d5a-9778-b9f4b0b0d8fd\"}], \"right_column\": [{\"type\": \"paragraph\", \"value\": \"<p>NVIMA 2015M-0004285 R1</p><p>\\u00c1cido Acetilsalic\\u00edlico, Bicarbonato de Sodio, Cafe\\u00edna anhidra.</p><p>Analg\\u00e9sico, antipir\\u00e9tico. Anti\\u00e1cido.</p><p>anti\\u00e1cido, tratamiento de trastornos disp\\u00e9pticos generados por exceso de bebidas no alcoh\\u00f3licas y comidas. Analg\\u00e9sico y anpir\\u00e9tico.</p><p>Oral</p><p>Adultos: 1 a 2 sobres disueltos en agua cada 6 u 8 horas (tres a cuatro sobres/d\\u00eda), si la primera dosis es de 2 sobres). Cons\\u00famase inmediatamente despu\\u00e9s de reconstituido.\\u00a0</p><p>Caja x 8 Sob. Ple. x 6 Sob Ple. x 16 Sob Ple. x 18 Sob Ple. x 24 Sob Ple. x 32 Sob</p>\", \"id\": \"0a5f8af9-c54b-4bb6-8fc8-a8e39dd6fda6\"}]}, \"id\": \"8f70f25f-859f-4571-972c-1967edad3f5f\"}, {\"type\": \"embedded_video\", \"value\": \"https://www.youtube.com/watch?v=tUYGNoYumcQ\", \"id\": \"42ba8228-9919-46fb-b928-6f81459efc08\"}]"}',15,2,NULL);
INSERT INTO wagtailcore_pagerevision VALUES(13,0,'2020-07-06 16:58:50.492318','{"pk": 4, "path": "000100010001", "depth": 3, "numchild": 5, "title": "PRODUCTOS TQ", "draft_title": "Wagtail Blog Demo", "slug": "blog", "content_type": 31, "live": true, "has_unpublished_changes": false, "url_path": "/home/blog/", "owner": 1, "seo_title": "Wagtail Blog Demo", "show_in_menus": true, "search_description": "Wagtail Blog Demo", "go_live_at": null, "expire_at": null, "expired": false, "locked": false, "locked_at": null, "locked_by": null, "first_published_at": "2017-06-24T01:31:12.387Z", "last_published_at": "2018-03-31T13:13:22.485Z", "latest_revision_created_at": "2018-03-31T13:13:22.468Z", "live_revision": 1}',4,2,NULL);
INSERT INTO wagtailcore_pagerevision VALUES(14,0,'2020-07-06 18:35:30.714030','{"pk": 15, "path": "0001000100020002", "depth": 4, "numchild": 0, "title": "MARCAS DE TQ", "draft_title": "MARCAS DE TQ", "slug": "marcas-de-tq", "content_type": 45, "live": true, "has_unpublished_changes": false, "url_path": "/home/marcas-tq/marcas-de-tq/", "owner": 2, "seo_title": "", "show_in_menus": false, "search_description": "", "go_live_at": null, "expire_at": null, "expired": false, "locked": false, "locked_at": null, "locked_by": null, "first_published_at": "2020-07-06T16:33:05.428Z", "last_published_at": "2020-07-06T16:34:14.054Z", "latest_revision_created_at": "2020-07-06T16:34:13.944Z", "live_revision": 12, "body": "[{\"type\": \"heading\", \"value\": \"Aqui encontraras todas nuestros productos\", \"id\": \"524643aa-0398-4a8e-9624-72ffaa0190e3\"}, {\"type\": \"paragraph\", \"value\": \"<p>Producimos mas de 4000 productos diferentes</p>\", \"id\": \"da7175e7-f3d5-404b-8655-dd75a7c30e55\"}, {\"type\": \"two_columns\", \"value\": {\"left_column\": [{\"type\": \"image\", \"value\": 19, \"id\": \"ec0e43fe-a664-45ad-8d62-62d68e2aa192\"}], \"right_column\": [{\"type\": \"paragraph\", \"value\": \"<p>INVIMA 2008 M-010211 R2</p><p>Bicarbonato de sodio.</p><p>Sal de Frutas LUA Plus alivia la indigesti\\u00f3n y el malestar estomacal ocasionado por el consumo de comidas y bebidas en exceso.</p><p>Anti\\u00e1cido.</p><p>Alivio de los s\\u00edntomas de la indigesti\\u00f3n, pesadez y llenura.</p><p>Oral</p><p>Adultos y ni\\u00f1os mayores de 12 a\\u00f1os: Un sobre de Sal de Frutas LUA, diluido en medio vaso con agua, 20 a 60 minutos despu\\u00e9s de las comidas.</p><p>Plegadiza x 8 y x 20 sobres</p>\", \"id\": \"9efa2110-308d-481e-a803-8d2c3b7b990a\"}]}, \"id\": \"3708dd86-e8db-4ab3-828d-220235354083\"}, {\"type\": \"two_columns\", \"value\": {\"left_column\": [{\"type\": \"image\", \"value\": 19, \"id\": \"2a7a5fab-5b4c-4d5a-9778-b9f4b0b0d8fd\"}], \"right_column\": [{\"type\": \"paragraph\", \"value\": \"<p><b>INFORMACION DEL PRODUCTO</b></p><p>NVIMA 2015M-0004285 R1</p><p>\\u00c1cido Acetilsalic\\u00edlico, Bicarbonato de Sodio, Cafe\\u00edna anhidra.</p><p>Analg\\u00e9sico, antipir\\u00e9tico. Anti\\u00e1cido.</p><p>anti\\u00e1cido, tratamiento de trastornos disp\\u00e9pticos generados por exceso de bebidas no alcoh\\u00f3licas y comidas. Analg\\u00e9sico y anpir\\u00e9tico.</p><p>Oral</p><p>Adultos: 1 a 2 sobres disueltos en agua cada 6 u 8 horas (tres a cuatro sobres/d\\u00eda), si la primera dosis es de 2 sobres). Cons\\u00famase inmediatamente despu\\u00e9s de reconstituido.\\u00a0</p><p>Caja x 8 Sob. Ple. x 6 Sob Ple. x 16 Sob Ple. x 18 Sob Ple. x 24 Sob Ple. x 32 Sob</p>\", \"id\": \"0a5f8af9-c54b-4bb6-8fc8-a8e39dd6fda6\"}]}, \"id\": \"8f70f25f-859f-4571-972c-1967edad3f5f\"}, {\"type\": \"embedded_video\", \"value\": \"https://www.youtube.com/watch?v=tUYGNoYumcQ\", \"id\": \"42ba8228-9919-46fb-b928-6f81459efc08\"}]"}',15,2,NULL);
INSERT INTO wagtailcore_pagerevision VALUES(15,0,'2020-07-06 18:35:54.632954','{"pk": 15, "path": "0001000100020002", "depth": 4, "numchild": 0, "title": "MARCAS DE TQ", "draft_title": "MARCAS DE TQ", "slug": "marcas-de-tq", "content_type": 45, "live": true, "has_unpublished_changes": true, "url_path": "/home/marcas-tq/marcas-de-tq/", "owner": 2, "seo_title": "", "show_in_menus": false, "search_description": "", "go_live_at": null, "expire_at": null, "expired": false, "locked": false, "locked_at": null, "locked_by": null, "first_published_at": "2020-07-06T16:33:05.428Z", "last_published_at": "2020-07-06T16:34:14.054Z", "latest_revision_created_at": "2020-07-06T18:35:30.714Z", "live_revision": 12, "body": "[{\"type\": \"heading\", \"value\": \"Aqui encontraras todas nuestros productos\", \"id\": \"524643aa-0398-4a8e-9624-72ffaa0190e3\"}, {\"type\": \"paragraph\", \"value\": \"<p>Producimos mas de 4000 productos diferentes</p>\", \"id\": \"da7175e7-f3d5-404b-8655-dd75a7c30e55\"}, {\"type\": \"two_columns\", \"value\": {\"left_column\": [{\"type\": \"image\", \"value\": 19, \"id\": \"ec0e43fe-a664-45ad-8d62-62d68e2aa192\"}], \"right_column\": [{\"type\": \"paragraph\", \"value\": \"<p><b>INFORMACION DEL PRODUCTO</b></p><p>INVIMA 2008 M-010211 R2</p><p>Bicarbonato de sodio.</p><p>Sal de Frutas LUA Plus alivia la indigesti\\u00f3n y el malestar estomacal ocasionado por el consumo de comidas y bebidas en exceso.</p><p>Anti\\u00e1cido.</p><p>Alivio de los s\\u00edntomas de la indigesti\\u00f3n, pesadez y llenura.</p><p>Oral</p><p>Adultos y ni\\u00f1os mayores de 12 a\\u00f1os: Un sobre de Sal de Frutas LUA, diluido en medio vaso con agua, 20 a 60 minutos despu\\u00e9s de las comidas.</p><p>Plegadiza x 8 y x 20 sobres</p>\", \"id\": \"9efa2110-308d-481e-a803-8d2c3b7b990a\"}]}, \"id\": \"3708dd86-e8db-4ab3-828d-220235354083\"}, {\"type\": \"two_columns\", \"value\": {\"left_column\": [{\"type\": \"image\", \"value\": 19, \"id\": \"2a7a5fab-5b4c-4d5a-9778-b9f4b0b0d8fd\"}], \"right_column\": [{\"type\": \"paragraph\", \"value\": \"<p><b>INFORMACION DEL PRODUCTO</b></p><p>NVIMA 2015M-0004285 R1</p><p>\\u00c1cido Acetilsalic\\u00edlico, Bicarbonato de Sodio, Cafe\\u00edna anhidra.</p><p>Analg\\u00e9sico, antipir\\u00e9tico. Anti\\u00e1cido.</p><p>anti\\u00e1cido, tratamiento de trastornos disp\\u00e9pticos generados por exceso de bebidas no alcoh\\u00f3licas y comidas. Analg\\u00e9sico y anpir\\u00e9tico.</p><p>Oral</p><p>Adultos: 1 a 2 sobres disueltos en agua cada 6 u 8 horas (tres a cuatro sobres/d\\u00eda), si la primera dosis es de 2 sobres). Cons\\u00famase inmediatamente despu\\u00e9s de reconstituido.\\u00a0</p><p>Caja x 8 Sob. Ple. x 6 Sob Ple. x 16 Sob Ple. x 18 Sob Ple. x 24 Sob Ple. x 32 Sob</p>\", \"id\": \"0a5f8af9-c54b-4bb6-8fc8-a8e39dd6fda6\"}]}, \"id\": \"8f70f25f-859f-4571-972c-1967edad3f5f\"}, {\"type\": \"embedded_video\", \"value\": \"https://www.youtube.com/watch?v=tUYGNoYumcQ\", \"id\": \"42ba8228-9919-46fb-b928-6f81459efc08\"}]"}',15,2,NULL);
INSERT INTO wagtailcore_pagerevision VALUES(16,0,'2020-07-06 19:18:53.788694','{"pk": 15, "path": "0001000100020002", "depth": 4, "numchild": 0, "title": "MARCAS DE TQ", "draft_title": "MARCAS DE TQ", "slug": "marcas-de-tq", "content_type": 45, "live": true, "has_unpublished_changes": false, "url_path": "/home/marcas-tq/marcas-de-tq/", "owner": 2, "seo_title": "", "show_in_menus": false, "search_description": "", "go_live_at": null, "expire_at": null, "expired": false, "locked": false, "locked_at": null, "locked_by": null, "first_published_at": "2020-07-06T16:33:05.428Z", "last_published_at": "2020-07-06T18:35:54.813Z", "latest_revision_created_at": "2020-07-06T18:35:54.632Z", "live_revision": 15, "body": "[{\"type\": \"heading\", \"value\": \"Aqui encontraras todas nuestros productos\", \"id\": \"524643aa-0398-4a8e-9624-72ffaa0190e3\"}, {\"type\": \"paragraph\", \"value\": \"<p>Producimos mas de 4000 productos diferentes</p>\", \"id\": \"da7175e7-f3d5-404b-8655-dd75a7c30e55\"}, {\"type\": \"two_columns\", \"value\": {\"left_column\": [{\"type\": \"image\", \"value\": 19, \"id\": \"ec0e43fe-a664-45ad-8d62-62d68e2aa192\"}], \"right_column\": [{\"type\": \"paragraph\", \"value\": \"<p><b>INFORMACION DEL PRODUCTO</b></p><p>INVIMA 2008 M-010211 R2</p><p>Bicarbonato de sodio.</p><p>Sal de Frutas LUA Plus alivia la indigesti\\u00f3n y el malestar estomacal ocasionado por el consumo de comidas y bebidas en exceso.</p><p>Anti\\u00e1cido.</p><p>Alivio de los s\\u00edntomas de la indigesti\\u00f3n, pesadez y llenura.</p><p>Oral</p><p>Adultos y ni\\u00f1os mayores de 12 a\\u00f1os: Un sobre de Sal de Frutas LUA, diluido en medio vaso con agua, 20 a 60 minutos despu\\u00e9s de las comidas.</p><p>Plegadiza x 8 y x 20 sobres</p>\", \"id\": \"9efa2110-308d-481e-a803-8d2c3b7b990a\"}]}, \"id\": \"3708dd86-e8db-4ab3-828d-220235354083\"}, {\"type\": \"two_columns\", \"value\": {\"left_column\": [{\"type\": \"image\", \"value\": 19, \"id\": \"2a7a5fab-5b4c-4d5a-9778-b9f4b0b0d8fd\"}], \"right_column\": [{\"type\": \"paragraph\", \"value\": \"<p><b>INFORMACION DEL PRODUCTO</b></p><p>NVIMA 2015M-0004285 R1</p><p>\\u00c1cido Acetilsalic\\u00edlico, Bicarbonato de Sodio, Cafe\\u00edna anhidra.</p><p>Analg\\u00e9sico, antipir\\u00e9tico. Anti\\u00e1cido.</p><p>anti\\u00e1cido, tratamiento de trastornos disp\\u00e9pticos generados por exceso de bebidas no alcoh\\u00f3licas y comidas. Analg\\u00e9sico y anpir\\u00e9tico.</p><p>Oral</p><p>Adultos: 1 a 2 sobres disueltos en agua cada 6 u 8 horas (tres a cuatro sobres/d\\u00eda), si la primera dosis es de 2 sobres). Cons\\u00famase inmediatamente despu\\u00e9s de reconstituido.\\u00a0</p><p>Caja x 8 Sob. Ple. x 6 Sob Ple. x 16 Sob Ple. x 18 Sob Ple. x 24 Sob Ple. x 32 Sob</p>\", \"id\": \"0a5f8af9-c54b-4bb6-8fc8-a8e39dd6fda6\"}]}, \"id\": \"8f70f25f-859f-4571-972c-1967edad3f5f\"}, {\"type\": \"embedded_video\", \"value\": \"https://www.youtube.com/watch?v=tUYGNoYumcQ\", \"id\": \"42ba8228-9919-46fb-b928-6f81459efc08\"}, {\"type\": \"heading\", \"value\": \"marcas-tq\", \"id\": \"b674eeea-d15b-44ac-8d09-b04ce906239d\"}]"}',15,2,NULL);
CREATE TABLE IF NOT EXISTS "wagtailcore_page" ("id" integer NOT NULL PRIMARY KEY AUTOINCREMENT, "path" varchar(255) NOT NULL UNIQUE, "depth" integer unsigned NOT NULL CHECK ("depth" >= 0), "numchild" integer unsigned NOT NULL CHECK ("numchild" >= 0), "title" varchar(255) NOT NULL, "slug" varchar(255) NOT NULL, "live" bool NOT NULL, "has_unpublished_changes" bool NOT NULL, "url_path" text NOT NULL, "seo_title" varchar(255) NOT NULL, "show_in_menus" bool NOT NULL, "search_description" text NOT NULL, "go_live_at" datetime NULL, "expire_at" datetime NULL, "expired" bool NOT NULL, "content_type_id" integer NOT NULL REFERENCES "django_content_type" ("id") DEFERRABLE INITIALLY DEFERRED, "owner_id" integer NULL REFERENCES "auth_user" ("id") DEFERRABLE INITIALLY DEFERRED, "locked" bool NOT NULL, "latest_revision_created_at" datetime NULL, "first_published_at" datetime NULL, "live_revision_id" integer NULL REFERENCES "wagtailcore_pagerevision" ("id") DEFERRABLE INITIALLY DEFERRED, "last_published_at" datetime NULL, "draft_title" varchar(255) NOT NULL, "locked_at" datetime NULL, "locked_by_id" integer NULL REFERENCES "auth_user" ("id") DEFERRABLE INITIALLY DEFERRED);
INSERT INTO wagtailcore_page VALUES(1,'0001',1,1,'Root','root',1,0,'/','',0,'',NULL,NULL,0,1,NULL,0,NULL,NULL,NULL,NULL,'',NULL,NULL);
INSERT INTO wagtailcore_page VALUES(3,'00010001',2,2,'Home','home',1,0,'/home/','',0,'',NULL,NULL,0,33,NULL,0,NULL,NULL,NULL,NULL,'',NULL,NULL);
INSERT INTO wagtailcore_page VALUES(4,'000100010001',3,5,'Wagtail Blog Demo','blog',1,1,'/home/blog/','Wagtail Blog Demo',1,'Wagtail Blog Demo',NULL,NULL,0,31,1,0,'2020-07-06 16:58:50.492318','2017-06-24 01:31:12.387000',1,'2018-03-31 13:13:22.485582','PRODUCTOS TQ',NULL,NULL);
INSERT INTO wagtailcore_page VALUES(8,'0001000100010004',4,0,'About','about',1,0,'/home/blog/about/','',1,'',NULL,NULL,0,29,1,0,'2018-03-31 13:31:18.570783','2017-12-23 13:41:55.069000',2,'2018-03-31 13:31:18.592500','About',NULL,NULL);
INSERT INTO wagtailcore_page VALUES(9,'0001000100010005',4,0,'Welcome','welcome',1,0,'/home/blog/welcome/','',1,'',NULL,NULL,0,27,1,0,'2018-03-31 13:31:30.297005','2018-01-30 08:05:53.204000',3,'2018-03-31 13:31:30.319098','Welcome',NULL,NULL);
INSERT INTO wagtailcore_page VALUES(10,'0001000100010006',4,0,'Markdown Support','markdown-support',1,0,'/home/blog/markdown-support/','',0,'',NULL,NULL,0,27,1,0,'2018-01-30 14:17:02.038000','2018-01-30 08:09:09.707000',NULL,NULL,'',NULL,NULL);
INSERT INTO wagtailcore_page VALUES(11,'0001000100010007',4,0,'Latex & Code Sample','latex-code-sample',1,0,'/home/blog/latex-code-sample/','',0,'',NULL,NULL,0,27,1,0,'2018-01-30 14:17:25.710000','2018-01-30 09:08:58.279000',NULL,NULL,'',NULL,NULL);
INSERT INTO wagtailcore_page VALUES(12,'0001000100010008',4,0,'Contact','contact',1,0,'/home/blog/contact/','',1,'',NULL,NULL,0,39,1,0,'2018-06-20 08:21:55.033899','2018-06-14 02:28:40.356327',6,'2018-06-20 08:21:55.064310','Contact',NULL,NULL);
INSERT INTO wagtailcore_page VALUES(13,'000100010002',3,2,'MARCAS TQ','marcas-tq',1,0,'/home/marcas-tq/','',0,'',NULL,NULL,0,43,2,0,'2020-07-04 23:35:36.396230','2020-07-04 23:35:36.662938',7,'2020-07-04 23:35:36.662938','MARCAS TQ',NULL,NULL);
INSERT INTO wagtailcore_page VALUES(14,'0001000100020001',4,0,'Sal de Frutas LUA Plus','sal-de-frutas-lua-plus',1,0,'/home/marcas-tq/sal-de-frutas-lua-plus/','',0,'',NULL,NULL,0,46,2,0,'2020-07-06 15:45:12.962052','2020-07-06 14:18:07.356463',9,'2020-07-06 15:45:13.078298','Sal de Frutas LUA Plus',NULL,NULL);
INSERT INTO wagtailcore_page VALUES(15,'0001000100020002',4,0,'MARCAS DE TQ','marcas-de-tq',1,1,'/home/marcas-tq/marcas-de-tq/','',0,'',NULL,NULL,0,45,2,0,'2020-07-06 19:18:53.788694','2020-07-06 16:33:05.428417',15,'2020-07-06 18:35:54.813785','MARCAS DE TQ',NULL,NULL);
CREATE TABLE IF NOT EXISTS "wagtailcore_grouppagepermission" ("id" integer NOT NULL PRIMARY KEY AUTOINCREMENT, "group_id" integer NOT NULL REFERENCES "auth_group" ("id") DEFERRABLE INITIALLY DEFERRED, "page_id" integer NOT NULL REFERENCES "wagtailcore_page" ("id") DEFERRABLE INITIALLY DEFERRED, "permission_type" varchar(20) NOT NULL);
INSERT INTO wagtailcore_grouppagepermission VALUES(1,1,1,'add');
INSERT INTO wagtailcore_grouppagepermission VALUES(2,1,1,'edit');
INSERT INTO wagtailcore_grouppagepermission VALUES(3,1,1,'publish');
INSERT INTO wagtailcore_grouppagepermission VALUES(4,2,1,'add');
INSERT INTO wagtailcore_grouppagepermission VALUES(5,2,1,'edit');
INSERT INTO wagtailcore_grouppagepermission VALUES(6,1,1,'lock');
INSERT INTO wagtailcore_grouppagepermission VALUES(7,1,1,'unlock');
CREATE TABLE IF NOT EXISTS "wagtaildocs_document" ("id" integer NOT NULL PRIMARY KEY AUTOINCREMENT, "title" varchar(255) NOT NULL, "file" varchar(100) NOT NULL, "created_at" datetime NOT NULL, "uploaded_by_user_id" integer NULL REFERENCES "auth_user" ("id") DEFERRABLE INITIALLY DEFERRED, "collection_id" integer NOT NULL REFERENCES "wagtailcore_collection" ("id") DEFERRABLE INITIALLY DEFERRED, "file_size" integer unsigned NULL CHECK ("file_size" >= 0), "file_hash" varchar(40) NOT NULL);
CREATE TABLE IF NOT EXISTS "wagtailembeds_embed" ("id" integer NOT NULL PRIMARY KEY AUTOINCREMENT, "url" varchar(200) NOT NULL, "max_width" smallint NULL, "type" varchar(10) NOT NULL, "html" text NOT NULL, "title" text NOT NULL, "author_name" text NOT NULL, "provider_name" text NOT NULL, "width" integer NULL, "height" integer NULL, "last_updated" datetime NOT NULL, "thumbnail_url" varchar(255) NULL);
INSERT INTO wagtailembeds_embed VALUES(1,'https://www.youtube.com/watch?v=tUYGNoYumcQ',NULL,'video','<iframe width="459" height="344" src="https://www.youtube.com/embed/tUYGNoYumcQ?feature=oembed" frameborder="0" allow="accelerometer; autoplay; encrypted-media; gyroscope; picture-in-picture" allowfullscreen></iframe>','Comercial Bonfiest Plus: grandes molestias - Marzo 2020 I TQ Confiable','TQ Confiable','YouTube',459,344,'2020-07-06 16:32:47.310898','https://i.ytimg.com/vi/tUYGNoYumcQ/hqdefault.jpg');
CREATE TABLE IF NOT EXISTS "wagtailimages_image" ("id" integer NOT NULL PRIMARY KEY AUTOINCREMENT, "title" varchar(255) NOT NULL, "file" varchar(100) NOT NULL, "width" integer NOT NULL, "height" integer NOT NULL, "created_at" datetime NOT NULL, "focal_point_x" integer unsigned NULL CHECK ("focal_point_x" >= 0), "focal_point_y" integer unsigned NULL CHECK ("focal_point_y" >= 0), "focal_point_width" integer unsigned NULL CHECK ("focal_point_width" >= 0), "focal_point_height" integer unsigned NULL CHECK ("focal_point_height" >= 0), "uploaded_by_user_id" integer NULL REFERENCES "auth_user" ("id") DEFERRABLE INITIALLY DEFERRED, "file_size" integer unsigned NULL CHECK ("file_size" >= 0), "collection_id" integer NOT NULL REFERENCES "wagtailcore_collection" ("id") DEFERRABLE INITIALLY DEFERRED, "file_hash" varchar(40) NOT NULL);
INSERT INTO wagtailimages_image VALUES(1,'wagtail-tutorials-list.png','original_images/wagtail-tutorials-list.png',1200,675,'2017-06-29 02:07:04.143000',NULL,NULL,NULL,NULL,1,29109,1,'');
INSERT INTO wagtailimages_image VALUES(2,'wagtail-tutorials-3.png','original_images/wagtail-tutorials-3.png',1200,675,'2017-06-29 02:07:16.732000',NULL,NULL,NULL,NULL,1,26687,1,'');
INSERT INTO wagtailimages_image VALUES(3,'wagtail-django.jpg','original_images/wagtail-django.jpg',1125,634,'2017-06-29 02:07:29.634000',NULL,NULL,NULL,NULL,1,149647,1,'');
INSERT INTO wagtailimages_image VALUES(5,'alex-knight-232959.jpg','original_images/alex-knight-232959.jpg',4896,3264,'2017-06-29 04:04:14.171000',NULL,NULL,NULL,NULL,1,2984202,1,'');
INSERT INTO wagtailimages_image VALUES(6,'Wagtail Tutorial','original_images/2017108f21dc4dc385a76a_trim.original.png',184,259,'2017-12-23 13:41:40.880000',NULL,NULL,NULL,NULL,1,21045,1,'');
INSERT INTO wagtailimages_image VALUES(8,'wagtail-blog-header.png','original_images/wagtail-blog-header.png',1200,676,'2018-01-30 13:46:09.391000',NULL,NULL,NULL,NULL,1,1834111,1,'');
INSERT INTO wagtailimages_image VALUES(9,'wagtail-markdown-header.png','original_images/wagtail-markdown-header.png',1200,676,'2018-01-30 13:51:49.296000',NULL,NULL,NULL,NULL,1,208670,1,'');
INSERT INTO wagtailimages_image VALUES(12,'wagtail-computer.png','original_images/wagtail-computer.png',1200,676,'2018-01-30 14:06:53.851000',NULL,NULL,NULL,NULL,1,633731,1,'');
INSERT INTO wagtailimages_image VALUES(14,'wagtail-code-highlight.png','original_images/wagtail-code-highlight.png',1200,676,'2018-01-30 14:06:54.088000',NULL,NULL,NULL,NULL,1,1336458,1,'');
INSERT INTO wagtailimages_image VALUES(16,'pexels-photo-106606.jpeg','original_images/pexels-photo-106606.jpeg',1280,875,'2018-01-30 14:10:42.890000',NULL,NULL,NULL,NULL,1,280943,1,'');
INSERT INTO wagtailimages_image VALUES(17,'pexels-photo-93820.jpeg','original_images/pexels-photo-93820_1.jpeg',1280,853,'2018-01-30 14:10:42.956000',NULL,NULL,NULL,NULL,1,122649,1,'');
INSERT INTO wagtailimages_image VALUES(18,'pexels-photo-417173.jpeg','original_images/pexels-photo-417173_1.jpeg',1280,853,'2018-01-30 14:12:20.781000',NULL,NULL,NULL,NULL,1,213242,1,'');
INSERT INTO wagtailimages_image VALUES(19,'bonifest.jpeg','original_images/bonifest.jpeg',225,225,'2020-07-06 14:15:07.904766',NULL,NULL,NULL,NULL,2,7939,1,'cb7e3b31b57e63438be03bccaf160e48b5e3ab36');
INSERT INTO wagtailimages_image VALUES(20,'sfl-plus-diagonal-250x250.jpg','original_images/sfl-plus-diagonal-250x250.jpg',250,250,'2020-07-06 14:15:08.454184',NULL,NULL,NULL,NULL,2,67793,1,'b6a0225c2d5bf17054deec2eb830a15c816d0452');
INSERT INTO wagtailimages_image VALUES(21,'80.jpg','original_images/80.jpg',4823,3617,'2020-07-06 18:19:08.807003',NULL,NULL,NULL,NULL,2,5600499,1,'6854eb749a9f78ea051dae8f0a360e3775b19e85');
INSERT INTO wagtailimages_image VALUES(22,'6.png','original_images/6.png',400,400,'2020-07-06 18:24:05.638868',NULL,NULL,NULL,NULL,2,151303,1,'da42833cea8363411b3424590354b337a28e511f');
CREATE TABLE IF NOT EXISTS "wagtailimages_uploadedimage" ("id" integer NOT NULL PRIMARY KEY AUTOINCREMENT, "file" varchar(200) NOT NULL, "uploaded_by_user_id" integer NULL REFERENCES "auth_user" ("id") DEFERRABLE INITIALLY DEFERRED);
CREATE TABLE IF NOT EXISTS "wagtailmenus_flatmenu" ("id" integer NOT NULL PRIMARY KEY AUTOINCREMENT, "title" varchar(255) NOT NULL, "handle" varchar(100) NOT NULL, "heading" varchar(255) NOT NULL, "site_id" integer NOT NULL REFERENCES "wagtailcore_site" ("id") DEFERRABLE INITIALLY DEFERRED, "max_levels" smallint unsigned NOT NULL CHECK ("max_levels" >= 0));
CREATE TABLE IF NOT EXISTS "wagtailmenus_mainmenu" ("id" integer NOT NULL PRIMARY KEY AUTOINCREMENT, "site_id" integer NOT NULL UNIQUE REFERENCES "wagtailcore_site" ("id") DEFERRABLE INITIALLY DEFERRED, "max_levels" smallint unsigned NOT NULL CHECK ("max_levels" >= 0));
INSERT INTO wagtailmenus_mainmenu VALUES(1,2,3);
CREATE TABLE IF NOT EXISTS "wagtailredirects_redirect" ("id" integer NOT NULL PRIMARY KEY AUTOINCREMENT, "old_path" varchar(255) NOT NULL, "is_permanent" bool NOT NULL, "redirect_page_id" integer NULL REFERENCES "wagtailcore_page" ("id") DEFERRABLE INITIALLY DEFERRED, "site_id" integer NULL REFERENCES "wagtailcore_site" ("id") DEFERRABLE INITIALLY DEFERRED, "redirect_link" varchar(255) NOT NULL);
CREATE TABLE IF NOT EXISTS "wagtailusers_userprofile" ("id" integer NOT NULL PRIMARY KEY AUTOINCREMENT, "submitted_notifications" bool NOT NULL, "approved_notifications" bool NOT NULL, "rejected_notifications" bool NOT NULL, "user_id" integer NOT NULL UNIQUE REFERENCES "auth_user" ("id") DEFERRABLE INITIALLY DEFERRED, "preferred_language" varchar(10) NOT NULL, "current_time_zone" varchar(40) NOT NULL, "avatar" varchar(100) NOT NULL);
DELETE FROM sqlite_sequence;
INSERT INTO sqlite_sequence VALUES('django_migrations',164);
INSERT INTO sqlite_sequence VALUES('django_content_type',49);
INSERT INTO sqlite_sequence VALUES('auth_permission',182);
INSERT INTO sqlite_sequence VALUES('wagtailcore_site',2);
INSERT INTO sqlite_sequence VALUES('wagtailcore_collection',1);
INSERT INTO sqlite_sequence VALUES('auth_group_permissions',14);
INSERT INTO sqlite_sequence VALUES('wagtailcore_pageviewrestriction',0);
INSERT INTO sqlite_sequence VALUES('wagtailcore_pageviewrestriction_groups',0);
INSERT INTO sqlite_sequence VALUES('wagtailcore_groupcollectionpermission',8);
INSERT INTO sqlite_sequence VALUES('wagtailforms_formsubmission',4);
INSERT INTO sqlite_sequence VALUES('wagtailimages_rendition',40);
INSERT INTO sqlite_sequence VALUES('wagtailsearch_editorspick',0);
INSERT INTO sqlite_sequence VALUES('blog_blogpagetag',46);
INSERT INTO sqlite_sequence VALUES('blog_blogcategory',4);
INSERT INTO sqlite_sequence VALUES('taggit_tag',10);
INSERT INTO sqlite_sequence VALUES('wagtailmenus_flatmenuitem',0);
INSERT INTO sqlite_sequence VALUES('wagtailmenus_mainmenuitem',7);
INSERT INTO sqlite_sequence VALUES('blog_formfield',3);
INSERT INTO sqlite_sequence VALUES('auth_user',2);
INSERT INTO sqlite_sequence VALUES('home_copywritingsettings',1);
INSERT INTO sqlite_sequence VALUES('django_admin_log',0);
INSERT INTO sqlite_sequence VALUES('auth_group',2);
INSERT INTO sqlite_sequence VALUES('marcas_marcaspagetag',6);
INSERT INTO sqlite_sequence VALUES('marcas_formfield',0);
INSERT INTO sqlite_sequence VALUES('wagtailcore_pagerevision',16);
INSERT INTO sqlite_sequence VALUES('wagtailcore_page',15);
INSERT INTO sqlite_sequence VALUES('wagtailcore_grouppagepermission',7);
INSERT INTO sqlite_sequence VALUES('wagtaildocs_document',0);
INSERT INTO sqlite_sequence VALUES('wagtailembeds_embed',1);
INSERT INTO sqlite_sequence VALUES('wagtailimages_image',22);
INSERT INTO sqlite_sequence VALUES('wagtailmenus_flatmenu',0);
INSERT INTO sqlite_sequence VALUES('wagtailmenus_mainmenu',1);
INSERT INTO sqlite_sequence VALUES('wagtailredirects_redirect',0);
INSERT INTO sqlite_sequence VALUES('wagtailusers_userprofile',0);
INSERT INTO sqlite_sequence VALUES('marcas_marcascategory',3);
INSERT INTO sqlite_sequence VALUES('taggit_taggeditem',4);
INSERT INTO sqlite_sequence VALUES('marcas_postpage_categories',2);
CREATE UNIQUE INDEX "auth_group_permissions_group_id_permission_id_0cd325b0_uniq" ON "auth_group_permissions" ("group_id", "permission_id");
CREATE INDEX "auth_group_permissions_group_id_b120cbf9" ON "auth_group_permissions" ("group_id");
CREATE INDEX "auth_group_permissions_permission_id_84c5c92e" ON "auth_group_permissions" ("permission_id");
CREATE UNIQUE INDEX "auth_user_groups_user_id_group_id_94350c0c_uniq" ON "auth_user_groups" ("user_id", "group_id");
CREATE INDEX "auth_user_groups_user_id_6a12ed8b" ON "auth_user_groups" ("user_id");
CREATE INDEX "auth_user_groups_group_id_97559544" ON "auth_user_groups" ("group_id");
CREATE UNIQUE INDEX "auth_user_user_permissions_user_id_permission_id_14a6b632_uniq" ON "auth_user_user_permissions" ("user_id", "permission_id");
CREATE INDEX "auth_user_user_permissions_user_id_a95ead1b" ON "auth_user_user_permissions" ("user_id");
CREATE INDEX "auth_user_user_permissions_permission_id_1fbb5f2c" ON "auth_user_user_permissions" ("permission_id");
CREATE UNIQUE INDEX "django_content_type_app_label_model_76bd3d3b_uniq" ON "django_content_type" ("app_label", "model");
CREATE UNIQUE INDEX "auth_permission_content_type_id_codename_01ab375a_uniq" ON "auth_permission" ("content_type_id", "codename");
CREATE INDEX "auth_permission_content_type_id_2f476e4b" ON "auth_permission" ("content_type_id");
CREATE INDEX "django_session_expire_date_a5c62663" ON "django_session" ("expire_date");
CREATE INDEX "taggit_taggeditem_object_id_e2d7d1df" ON "taggit_taggeditem" ("object_id");
CREATE INDEX "taggit_taggeditem_content_type_id_9957a03c" ON "taggit_taggeditem" ("content_type_id");
CREATE INDEX "taggit_taggeditem_tag_id_f4f5b767" ON "taggit_taggeditem" ("tag_id");
CREATE INDEX "taggit_taggeditem_content_type_id_object_id_196cc965_idx" ON "taggit_taggeditem" ("content_type_id", "object_id");
CREATE UNIQUE INDEX "wagtailcore_site_hostname_port_2c626d70_uniq" ON "wagtailcore_site" ("hostname", "port");
CREATE INDEX "wagtailcore_site_hostname_96b20b46" ON "wagtailcore_site" ("hostname");
CREATE INDEX "wagtailcore_site_root_page_id_e02fb95c" ON "wagtailcore_site" ("root_page_id");
CREATE UNIQUE INDEX "wagtailcore_groupcollectionpermission_group_id_collection_id_permission_id_a21cefe9_uniq" ON "wagtailcore_groupcollectionpermission" ("group_id", "collection_id", "permission_id");
CREATE INDEX "wagtailcore_groupcollectionpermission_collection_id_5423575a" ON "wagtailcore_groupcollectionpermission" ("collection_id");
CREATE INDEX "wagtailcore_groupcollectionpermission_group_id_05d61460" ON "wagtailcore_groupcollectionpermission" ("group_id");
CREATE INDEX "wagtailcore_groupcollectionpermission_permission_id_1b626275" ON "wagtailcore_groupcollectionpermission" ("permission_id");
CREATE INDEX "wagtailcore_pageviewrestriction_page_id_15a8bea6" ON "wagtailcore_pageviewrestriction" ("page_id");
CREATE INDEX "wagtailcore_collectionviewrestriction_collection_id_761908ec" ON "wagtailcore_collectionviewrestriction" ("collection_id");
CREATE UNIQUE INDEX "wagtailcore_collectionviewrestriction_groups_collectionviewrestriction_id_group_id_988995ae_uniq" ON "wagtailcore_collectionviewrestriction_groups" ("collectionviewrestriction_id", "group_id");
CREATE INDEX "wagtailcore_collectionviewrestriction_groups_collectionviewrestriction_id_47320efd" ON "wagtailcore_collectionviewrestriction_groups" ("collectionviewrestriction_id");
CREATE INDEX "wagtailcore_collectionviewrestriction_groups_group_id_1823f2a3" ON "wagtailcore_collectionviewrestriction_groups" ("group_id");
CREATE UNIQUE INDEX "wagtailcore_pageviewrestriction_groups_pageviewrestriction_id_group_id_d23f80bb_uniq" ON "wagtailcore_pageviewrestriction_groups" ("pageviewrestriction_id", "group_id");
CREATE INDEX "wagtailcore_pageviewrestriction_groups_pageviewrestriction_id_f147a99a" ON "wagtailcore_pageviewrestriction_groups" ("pageviewrestriction_id");
CREATE INDEX "wagtailcore_pageviewrestriction_groups_group_id_6460f223" ON "wagtailcore_pageviewrestriction_groups" ("group_id");
CREATE INDEX "wagtailforms_formsubmission_page_id_e48e93e7" ON "wagtailforms_formsubmission" ("page_id");
CREATE UNIQUE INDEX "wagtailimages_rendition_image_id_filter_spec_focal_point_key_323c8fe0_uniq" ON "wagtailimages_rendition" ("image_id", "filter_spec", "focal_point_key");
CREATE INDEX "wagtailimages_rendition_image_id_3e1fd774" ON "wagtailimages_rendition" ("image_id");
CREATE INDEX "wagtailimages_rendition_filter_spec_1cba3201" ON "wagtailimages_rendition" ("filter_spec");
CREATE UNIQUE INDEX "wagtailsearch_querydailyhits_query_id_date_1dd232e6_uniq" ON "wagtailsearch_querydailyhits" ("query_id", "date");
CREATE INDEX "wagtailsearch_querydailyhits_query_id_2185994b" ON "wagtailsearch_querydailyhits" ("query_id");
CREATE INDEX "wagtailsearch_editorspick_query_id_c6eee4a0" ON "wagtailsearch_editorspick" ("query_id");
CREATE INDEX "wagtailsearch_editorspick_page_id_28cbc274" ON "wagtailsearch_editorspick" ("page_id");
CREATE INDEX "blog_postpage_header_image_id_b6fcd5f4" ON "blog_postpage" ("header_image_id");
CREATE INDEX "blog_blogpagetag_content_object_id_0dc644d2" ON "blog_blogpagetag" ("content_object_id");
CREATE INDEX "blog_blogpagetag_tag_id_81dc0e5f" ON "blog_blogpagetag" ("tag_id");
CREATE INDEX "wagtailmenus_flatmenuitem_link_page_id_36779c0f" ON "wagtailmenus_flatmenuitem" ("link_page_id");
CREATE INDEX "wagtailmenus_flatmenuitem_menu_id_757c39da" ON "wagtailmenus_flatmenuitem" ("menu_id");
CREATE INDEX "wagtailmenus_mainmenuitem_link_page_id_208a4a4d" ON "wagtailmenus_mainmenuitem" ("link_page_id");
CREATE INDEX "wagtailmenus_mainmenuitem_menu_id_6505d4c4" ON "wagtailmenus_mainmenuitem" ("menu_id");
CREATE INDEX "blog_formfield_page_id_c81ed252" ON "blog_formfield" ("page_id");
CREATE INDEX "django_admin_log_content_type_id_c4bce8eb" ON "django_admin_log" ("content_type_id");
CREATE INDEX "django_admin_log_user_id_c564eba6" ON "django_admin_log" ("user_id");
CREATE UNIQUE INDEX "marcas_postpage_categories_postpage_id_marcascategory_id_5772013d_uniq" ON "marcas_postpage_categories" ("postpage_id", "marcascategory_id");
CREATE INDEX "marcas_postpage_categories_postpage_id_8e4dae46" ON "marcas_postpage_categories" ("postpage_id");
CREATE INDEX "marcas_postpage_categories_marcascategory_id_db27a894" ON "marcas_postpage_categories" ("marcascategory_id");
CREATE INDEX "marcas_postpage_header_image_id_af299846" ON "marcas_postpage" ("header_image_id");
CREATE INDEX "marcas_marcaspagetag_content_object_id_7988d4e0" ON "marcas_marcaspagetag" ("content_object_id");
CREATE INDEX "marcas_marcaspagetag_tag_id_6027e060" ON "marcas_marcaspagetag" ("tag_id");
CREATE INDEX "marcas_formfield_page_id_b369d2be" ON "marcas_formfield" ("page_id");
CREATE UNIQUE INDEX "taggit_taggeditem_content_type_id_object_id_tag_id_4bb97a8e_uniq" ON "taggit_taggeditem" ("content_type_id", "object_id", "tag_id");
CREATE INDEX "wagtailcore_pagerevision_submitted_for_moderation_c682e44c" ON "wagtailcore_pagerevision" ("submitted_for_moderation");
CREATE INDEX "wagtailcore_pagerevision_created_at_66954e3b" ON "wagtailcore_pagerevision" ("created_at");
CREATE INDEX "wagtailcore_pagerevision_page_id_d421cc1d" ON "wagtailcore_pagerevision" ("page_id");
CREATE INDEX "wagtailcore_pagerevision_user_id_2409d2f4" ON "wagtailcore_pagerevision" ("user_id");
CREATE INDEX "wagtailcore_pagerevision_approved_go_live_at_e56afc67" ON "wagtailcore_pagerevision" ("approved_go_live_at");
CREATE INDEX "wagtailcore_page_slug_e7c11b8f" ON "wagtailcore_page" ("slug");
CREATE INDEX "wagtailcore_page_content_type_id_c28424df" ON "wagtailcore_page" ("content_type_id");
CREATE INDEX "wagtailcore_page_owner_id_fbf7c332" ON "wagtailcore_page" ("owner_id");
CREATE INDEX "wagtailcore_page_first_published_at_2b5dd637" ON "wagtailcore_page" ("first_published_at");
CREATE INDEX "wagtailcore_page_live_revision_id_930bd822" ON "wagtailcore_page" ("live_revision_id");
CREATE INDEX "wagtailcore_page_locked_by_id_bcb86245" ON "wagtailcore_page" ("locked_by_id");
CREATE UNIQUE INDEX "wagtailcore_grouppagepermission_group_id_page_id_permission_type_0898bdf8_uniq" ON "wagtailcore_grouppagepermission" ("group_id", "page_id", "permission_type");
CREATE INDEX "wagtailcore_grouppagepermission_group_id_fc07e671" ON "wagtailcore_grouppagepermission" ("group_id");
CREATE INDEX "wagtailcore_grouppagepermission_page_id_710b114a" ON "wagtailcore_grouppagepermission" ("page_id");
CREATE INDEX "wagtaildocs_document_uploaded_by_user_id_17258b41" ON "wagtaildocs_document" ("uploaded_by_user_id");
CREATE INDEX "wagtaildocs_document_collection_id_23881625" ON "wagtaildocs_document" ("collection_id");
CREATE UNIQUE INDEX "wagtailembeds_embed_url_max_width_8a2922d8_uniq" ON "wagtailembeds_embed" ("url", "max_width");
CREATE INDEX "wagtailimages_image_created_at_86fa6cd4" ON "wagtailimages_image" ("created_at");
CREATE INDEX "wagtailimages_image_uploaded_by_user_id_5d73dc75" ON "wagtailimages_image" ("uploaded_by_user_id");
CREATE INDEX "wagtailimages_image_collection_id_c2f8af7e" ON "wagtailimages_image" ("collection_id");
CREATE INDEX "wagtailimages_uploadedimage_uploaded_by_user_id_85921689" ON "wagtailimages_uploadedimage" ("uploaded_by_user_id");
CREATE UNIQUE INDEX "wagtailmenus_flatmenu_site_id_handle_7b0cab3a_uniq" ON "wagtailmenus_flatmenu" ("site_id", "handle");
CREATE INDEX "wagtailmenus_flatmenu_handle_fd420cad" ON "wagtailmenus_flatmenu" ("handle");
CREATE INDEX "wagtailmenus_flatmenu_site_id_516a598d" ON "wagtailmenus_flatmenu" ("site_id");
CREATE UNIQUE INDEX "wagtailredirects_redirect_old_path_site_id_783622d7_uniq" ON "wagtailredirects_redirect" ("old_path", "site_id");
CREATE INDEX "wagtailredirects_redirect_old_path_bb35247b" ON "wagtailredirects_redirect" ("old_path");
CREATE INDEX "wagtailredirects_redirect_redirect_page_id_b5728a8f" ON "wagtailredirects_redirect" ("redirect_page_id");
CREATE INDEX "wagtailredirects_redirect_site_id_780a0e1e" ON "wagtailredirects_redirect" ("site_id");
COMMIT;
